Symbol,Open,High,Low,Close,LTP,Change,PctChange,Volume
ITC,261.5,268.2,261.5,255.5,266.6,11.1,4.34,31258553
ADANIGREEN,1220.0,1271.2,1217.0,1214.9,1265.0,50.1,4.12,4309378
PERSISTENT,5621.5,5852.5,5603.0,5594.5,5800.0,205.5,3.67,592977
BHARTIARTL,1852.0,1877.2,1848.5,1811.9,1877.2,65.3,3.6,9900740
ADANIPORTS,1625.0,1655.6,1625.0,1593.1,1647.5,54.4,3.41,3770354
NAUKRI,1335.0,1371.7,1327.2,1313.0,1356.0,43.0,3.27,1564601
MPHASIS,2422.7,2523.0,2407.1,2427.4,2505.5,78.1,3.22,932222
ADANIPOWER,202.0,205.79,201.31,198.0,204.36,6.36,3.21,38032254
HCLTECH,1316.1,1368.0,1313.1,1312.2,1351.4,39.2,2.99,4031856
PFC,343.3,347.75,343.2,336.3,345.8,9.5,2.82,8352858
RELIANCE,1285.0,1311.8,1280.0,1277.0,1309.0,32.0,2.51,12617528
MARICO,823.15,840.05,823.15,820.0,838.1,18.1,2.21,3684805
ONGC,233.8,236.6,232.5,231.8,236.45,4.65,2.01,11985775
INFY,1128.0,1156.0,1125.6,1133.8,1156.0,22.2,1.96,13516123
HEROMOTOCO,5610.0,5659.0,5495.5,5450.0,5555.0,105.0,1.93,1231011
BAJAJ-AUTO,12180.0,12470.0,12090.0,12130.0,12361.0,231.0,1.9,495029
LTM,4540.0,4648.4,4514.9,4540.0,4625.0,85.0,1.87,265080
BLUESTARCO,1471.0,1499.0,1457.0,1463.8,1490.9,27.1,1.85,259707
TATAELXSI,3583.1,3671.9,3567.1,3578.6,3638.0,59.4,1.66,169501
DRREDDY,1166.5,1179.9,1166.5,1154.4,1171.0,16.6,1.44,556259
OIL,485.0,493.0,484.2,483.15,490.0,6.85,1.42,1788773
HINDUNILVR,1987.0,2003.0,1980.0,1967.4,1994.8,27.4,1.39,922778
VBL,404.45,411.35,404.25,400.45,405.85,5.4,1.35,4752656
KOTAKBANK,420.8,429.1,420.75,419.4,425.0,5.6,1.34,7669677
SUPREMEIND,3570.0,3661.4,3563.3,3559.0,3605.0,46.0,1.29,169663
SHREECEM,23605.0,23800.0,23310.0,23200.0,23490.0,290.0,1.25,15342
SRF,2563.0,2600.0,2558.2,2560.4,2592.0,31.6,1.23,105018
PIIND,2391.8,2402.1,2370.7,2370.0,2397.1,27.1,1.14,139983
FORCEMOT,17580.0,18069.0,17462.0,17526.0,17722.0,196.0,1.12,149245
TATAPOWER,347.55,351.95,347.45,347.0,350.55,3.55,1.02,3607879
DELHIVERY,462.65,464.35,457.2,456.2,460.8,4.6,1.01,1175474
CIPLA,1420.9,1425.7,1406.5,1409.2,1423.0,13.8,0.98,880100
FORTIS,911.6,921.45,893.0,906.9,915.0,8.1,0.89,1605569
VOLTAS,1196.0,1206.9,1192.0,1194.4,1205.0,10.6,0.89,288979
PNB,114.49,116.5,114.07,114.23,115.22,0.99,0.87,10969598
UPL,567.65,568.7,560.9,562.25,567.1,4.85,0.86,4060300
KPITTECH,585.2,594.3,581.0,585.0,590.0,5.0,0.85,1026752
DABUR,384.0,386.8,381.0,381.0,384.0,3.0,0.79,1394674
MAHABANK,82.0,83.83,82.0,82.07,82.7,0.63,0.77,14196058
OBEROIRLTY,1856.3,1887.2,1846.6,1868.0,1880.7,12.7,0.68,211011
TECHM,1630.0,1649.0,1613.7,1628.0,1638.0,10.0,0.61,2412137
NAM-INDIA,1190.0,1209.6,1166.0,1172.3,1178.9,6.6,0.56,1257709
ZYDUSLIFE,1167.3,1183.0,1152.0,1161.3,1167.8,6.5,0.56,1070386
BANKINDIA,142.29,143.65,141.4,141.59,142.35,0.76,0.54,3406860
GMRAIRPORT,95.5,96.3,93.08,93.63,94.12,0.49,0.52,19748938
APLAPOLLO,2228.7,2258.8,2214.0,2223.4,2234.0,10.6,0.48,642035
ATHERENERG,1694.0,1744.0,1671.6,1717.7,1725.6,7.9,0.46,9562596
JSWSTEEL,1314.6,1328.0,1307.1,1307.7,1313.5,5.8,0.44,1134147
CONCOR,516.9,518.75,510.5,511.9,514.0,2.1,0.41,1247573
GODREJCP,901.3,905.65,891.1,901.3,905.0,3.7,0.41,691129
HDFCBANK,705.05,715.45,698.5,709.0,711.9,2.9,0.41,44417092
POWERGRID,263.3,264.55,261.7,263.55,264.55,1.0,0.38,8499123
TMPV,317.2,317.3,308.95,308.85,310.0,1.15,0.37,8951324
PNBHOUSING,1140.0,1156.4,1135.0,1148.7,1152.0,3.3,0.29,2221980
AMBUJACEM,404.0,407.15,401.0,401.15,402.2,1.05,0.26,1377257
HINDZINC,604.15,608.95,593.05,595.45,597.0,1.55,0.26,5675069
PATANJALI,345.0,347.95,342.5,345.0,345.8,0.8,0.23,2399142
EICHERMOT,7975.0,8052.0,7860.0,7953.5,7970.0,16.5,0.21,760133
MAZDOCK,2481.0,2502.2,2453.3,2480.0,2485.0,5.0,0.2,472178
COFORGE,1985.3,1994.2,1961.2,1985.3,1988.9,3.6,0.18,2055771
ADANIENT,2910.0,2942.5,2846.0,2859.1,2863.9,4.8,0.17,3862408
HAL,4801.6,4819.6,4771.6,4801.6,4807.6,6.0,0.12,492865
RBLBANK,379.55,383.75,377.8,380.35,380.5,0.15,0.04,2288711
NTPC,327.4,328.25,325.05,327.4,327.5,0.1,0.03,7377499
CUMMINSIND,5093.5,5115.0,5054.5,5105.0,5105.0,0.0,0.0,430883
ICICIGI,1565.0,1573.4,1542.3,1566.9,1566.9,0.0,0.0,446492
SIEMENS,4029.9,4093.2,3975.1,4030.0,4030.0,0.0,0.0,317161
COALINDIA,401.75,407.2,399.4,401.75,401.6,-0.15,-0.04,6128444
SBILIFE,1740.5,1753.4,1728.6,1740.5,1739.3,-1.2,-0.07,624181
HINDALCO,1023.0,1033.9,1010.0,1015.45,1014.4,-1.05,-0.1,2765114
ETERNAL,325.0,329.4,323.0,328.1,327.75,-0.35,-0.11,21501682
UNOMINDA,1279.9,1307.5,1261.5,1276.0,1274.4,-1.6,-0.13,1489864
TATASTEEL,183.7,188.68,182.12,184.35,184.07,-0.28,-0.15,46663321
RADICO,4481.4,4540.0,4393.4,4485.0,4474.3,-10.7,-0.24,473936
SOLARINDS,20250.0,20270.0,19930.0,20108.0,20060.0,-48.0,-0.24,94048
BAJFINANCE,1065.0,1067.0,1047.0,1057.0,1053.9,-3.1,-0.29,4813301
PAGEIND,35620.0,35800.0,35385.0,35800.0,35675.0,-125.0,-0.35,15534
BANDHANBNK,163.6,164.65,161.65,163.5,162.9,-0.6,-0.37,5214696
BANKBARODA,238.0,240.2,236.68,238.6,237.7,-0.9,-0.38,13131444
GLENMARK,2480.0,2494.9,2455.0,2480.0,2470.4,-9.6,-0.39,679565
LODHA,1214.9,1231.8,1180.0,1198.6,1193.9,-4.7,-0.39,1844689
PHOENIXLTD,1880.1,1896.5,1867.7,1900.0,1892.6,-7.4,-0.39,730640
SONACOMS,815.0,821.5,798.55,813.05,809.5,-3.55,-0.44,1041758
ULTRACEMCO,11450.0,11550.0,11390.0,11450.0,11400.0,-50.0,-0.44,168152
JSWENERGY,524.0,526.6,514.45,520.4,518.0,-2.4,-0.46,2290101
ALKEM,5329.5,5358.0,5277.0,5329.5,5300.0,-29.5,-0.55,88288
NHPC,76.72,77.1,75.46,76.72,76.3,-0.42,-0.55,11983253
HDFCLIFE,540.0,544.25,537.4,543.35,540.3,-3.05,-0.56,3064468
TIINDIA,2794.9,2794.9,2743.5,2780.0,2763.2,-16.8,-0.6,96404
AUBANK,1083.8,1088.8,1067.6,1086.2,1079.2,-7.0,-0.64,1068952
LICHSGFIN,538.4,538.4,526.35,538.4,534.9,-3.5,-0.65,2000075
WAAREEENER,2599.9,2609.9,2570.0,2605.0,2588.0,-17.0,-0.65,305178
TATACONSUM,1037.5,1041.8,1025.1,1037.5,1030.5,-7.0,-0.67,1005860
M&M,3367.0,3368.0,3223.0,3282.0,3259.0,-23.0,-0.7,1887247
HINDPETRO,361.0,364.55,358.1,365.75,363.1,-2.65,-0.72,1725511
RVNL,210.21,212.23,208.0,210.0,208.38,-1.62,-0.77,3502970
BEL,414.45,414.45,409.35,414.45,411.2,-3.25,-0.78,5628444
360ONE,1175.0,1184.3,1147.5,1175.0,1165.6,-9.4,-0.8,2175285
CDSL,1400.0,1407.4,1376.0,1402.5,1391.0,-11.5,-0.82,743240
TRENT,2880.0,2911.9,2855.0,2879.9,2855.0,-24.9,-0.86,652244
MANAPPURAM,342.05,344.45,335.6,340.1,337.0,-3.1,-0.91,1860620
ASTRAL,1537.5,1538.0,1493.1,1522.2,1507.0,-15.2,-1.0,726492
IRFC,83.34,83.75,82.16,83.34,82.5,-0.84,-1.01,7766605
CANBK,126.88,127.07,125.16,126.9,125.6,-1.3,-1.02,9840419
SAIL,196.0,200.8,190.25,195.0,193.0,-2.0,-1.03,29120262
TITAN,5104.0,5126.5,5010.5,5102.4,5050.0,-52.4,-1.03,466855
IEX,120.5,120.5,118.8,120.5,119.2,-1.3,-1.08,2633916
ICICIBANK,1442.9,1446.7,1422.8,1454.0,1438.0,-16.0,-1.1,10627608
HYUNDAI,2227.0,2260.0,2156.2,2205.0,2179.8,-25.2,-1.14,604868
NBCC,86.0,86.4,85.0,86.2,85.2,-1.0,-1.16,4390141
BRITANNIA,5230.0,5256.0,5145.5,5250.0,5187.0,-63.0,-1.2,235479
BSE,3300.0,3305.0,3220.5,3282.0,3242.0,-40.0,-1.22,3137016
IDFCFIRSTB,85.2,85.2,84.1,85.97,84.9,-1.07,-1.24,11579195
INOXWIND,70.37,70.37,69.1,70.37,69.5,-0.87,-1.24,8168944
GODFRYPHLP,2104.8,2118.7,2072.0,2104.8,2078.3,-26.5,-1.26,137521
TCS,2355.0,2372.0,2325.0,2399.3,2369.0,-30.3,-1.26,2678034
SAGILITY,47.05,47.12,45.9,47.05,46.45,-0.6,-1.28,13901435
UNITDSPR,1490.1,1498.9,1459.0,1490.0,1470.0,-20.0,-1.34,392270
LICI,418.85,418.9,409.95,418.0,412.15,-5.85,-1.4,3609510
AMBER,7640.0,7644.5,7490.0,7620.0,7508.0,-112.0,-1.47,100768
VEDL,280.0,281.95,272.75,278.2,274.0,-4.2,-1.51,6769011
WIPRO,181.0,182.1,178.5,184.5,181.7,-2.8,-1.52,6813425
LT,4038.0,4038.0,3980.1,4044.9,3980.1,-64.8,-1.6,944703
APOLLOHOSP,8854.5,8867.5,8704.5,8898.5,8755.0,-143.5,-1.61,153262
LUPIN,2190.2,2190.2,2137.6,2188.4,2153.0,-35.4,-1.62,1298356
HAVELLS,1229.0,1229.0,1212.2,1244.1,1222.8,-21.3,-1.71,1005951
GODREJPROP,2023.2,2023.2,1965.0,2014.7,1978.0,-36.7,-1.82,329259
ANGELONE,286.9,288.25,280.5,286.9,281.55,-5.35,-1.86,2909391
IOC,136.34,137.9,135.15,139.13,136.53,-2.6,-1.87,9536764
IDEA,14.6,14.63,13.96,14.33,14.06,-0.27,-1.88,316789599
INDIANB,889.0,890.5,874.05,898.75,881.75,-17.0,-1.89,1602957
PGEL,575.0,578.5,566.0,581.0,569.9,-11.1,-1.91,728869
SBICARD,653.2,660.35,628.4,644.75,632.4,-12.35,-1.92,3438291
DMART,3850.0,3850.9,3766.1,3900.0,3824.0,-76.0,-1.95,382602
AUROPHARMA,1700.0,1700.1,1671.1,1717.0,1683.3,-33.7,-1.96,608791
BDL,1272.0,1273.8,1245.2,1275.0,1250.0,-25.0,-1.96,1100052
GRASIM,3337.0,3337.0,3287.1,3371.0,3305.0,-66.0,-1.96,818556
IREDA,115.68,115.85,114.15,116.5,114.2,-2.3,-1.97,3727060
BPCL,317.35,319.7,313.0,324.05,317.65,-6.4,-1.98,6048491
TORNTPHARM,4973.5,4987.5,4919.5,5066.0,4965.5,-100.5,-1.98,204694
UNIONBANK,185.0,186.32,183.26,188.63,184.9,-3.73,-1.98,7002385
COLPAL,1872.5,1873.0,1842.0,1897.6,1859.8,-37.8,-1.99,374486
CROMPTON,235.77,235.77,230.2,235.9,231.1,-4.8,-2.03,3046723
FEDERALBNK,350.0,351.75,348.0,356.7,349.25,-7.45,-2.09,3391394
SUZLON,47.5,47.5,46.25,47.52,46.5,-1.02,-2.15,39976953
COCHINSHIP,1509.9,1513.4,1465.5,1510.0,1475.9,-34.1,-2.26,404766
PREMIERENE,1023.1,1028.8,1011.1,1036.3,1012.9,-23.4,-2.26,506640
JIOFIN,240.0,240.01,235.01,241.35,235.85,-5.5,-2.28,10397855
KAYNES,3678.3,3691.8,3582.0,3685.0,3600.5,-84.5,-2.29,1133014
CHOLAFIN,1851.1,1851.5,1794.1,1857.4,1814.7,-42.7,-2.3,1873461
DLF,672.6,676.0,665.95,691.05,675.15,-15.9,-2.3,3403562
JUBLFOOD,487.0,492.5,481.3,496.0,484.4,-11.6,-2.34,686008
INDUSINDBK,1004.0,1004.0,985.0,1016.6,992.6,-24.0,-2.36,1742567
SBIN,1051.3,1051.3,1027.1,1060.0,1034.5,-25.5,-2.41,7605132
BAJAJFINSV,1998.7,2004.1,1960.1,2021.0,1972.0,-49.0,-2.42,788344
MFSL,1558.8,1561.1,1525.0,1573.1,1534.7,-38.4,-2.44,302535
POLICYBZR,1845.0,1847.8,1812.1,1875.0,1829.2,-45.8,-2.44,1724303
MUTHOOTFIN,3000.0,3009.2,2890.0,2978.1,2905.0,-73.1,-2.45,750967
SWIGGY,279.85,281.3,275.0,281.9,275.0,-6.9,-2.45,5372141
NATIONALUM,383.0,383.75,368.6,381.5,372.0,-9.5,-2.49,6155527
ADANIENSOL,1435.0,1444.4,1373.3,1417.4,1382.0,-35.4,-2.5,8161918
BHARATFORG,2076.0,2076.1,2040.0,2104.9,2052.2,-52.7,-2.5,976086
MOTILALOFS,1047.0,1047.9,1008.0,1042.9,1016.0,-26.9,-2.58,501197
MANKIND,2381.4,2381.4,2350.0,2419.2,2356.5,-62.7,-2.59,282979
DIXON,14780.0,14820.0,14450.0,14850.0,14461.0,-389.0,-2.62,229903
PIDILITIND,1675.0,1675.5,1637.5,1687.7,1643.5,-44.2,-2.62,990170
BIOCON,407.15,407.95,400.35,412.0,401.05,-10.95,-2.66,2120745
INDHOTEL,728.15,728.2,710.85,737.9,718.0,-19.9,-2.7,1129170
GAIL,173.41,174.39,172.07,177.5,172.69,-4.81,-2.71,8008794
GVT&D,4400.0,4400.0,4268.8,4445.2,4324.0,-121.2,-2.73,1044144
JINDALSTEL,1175.7,1175.7,1147.0,1192.9,1160.0,-32.9,-2.76,517597
PETRONET,294.1,296.65,290.4,300.6,292.3,-8.3,-2.76,1081102
LAURUSLABS,1888.9,1895.0,1837.4,1915.0,1861.6,-53.4,-2.79,3530385
OFSS,12350.0,12353.0,11992.0,12540.0,12187.0,-353.0,-2.81,208347
SUNPHARMA,1963.1,1963.1,1921.1,1984.8,1929.0,-55.8,-2.81,3595272
MCX,3360.1,3369.0,3255.2,3400.0,3303.0,-97.0,-2.85,1505861
NMDC,86.81,87.4,85.1,88.2,85.69,-2.51,-2.85,11311468
RECLTD,318.4,318.4,313.0,323.3,314.05,-9.25,-2.86,6496998
BAJAJHLDNG,11480.0,11500.0,11282.0,11644.0,11310.0,-334.0,-2.87,44566
BOSCHLTD,49400.0,49400.0,47805.0,50000.0,48550.0,-1450.0,-2.9,53609
ASHOKLEY,176.5,176.5,168.53,175.64,170.53,-5.11,-2.91,16860146
ASIANPAINT,2645.3,2645.3,2545.2,2653.6,2575.5,-78.1,-2.94,1046523
HDFCAMC,2580.5,2580.5,2526.0,2622.1,2544.9,-77.2,-2.94,936933
MOTHERSON,170.0,170.0,163.3,170.68,165.6,-5.08,-2.98,14103203
NYKAA,347.15,347.15,337.0,349.55,338.5,-11.05,-3.16,8377806
ABB,7521.5,7524.5,7331.5,7638.5,7396.0,-242.5,-3.17,253254
DIVISLAB,9251.5,9262.5,9087.0,9467.0,9165.0,-302.0,-3.19,485620
TVSMOTOR,4341.3,4409.0,4122.0,4341.3,4203.0,-138.3,-3.19,1908970
YESBANK,22.51,22.52,21.94,22.83,22.1,-0.73,-3.2,63872649
AXISBANK,1274.9,1275.1,1255.0,1300.0,1258.0,-42.0,-3.23,5588158
POWERINDIA,33450.0,33450.0,32400.0,33760.0,32640.0,-1120.0,-3.32,100880
CGPOWER,901.95,903.55,881.6,916.0,885.5,-30.5,-3.33,2969058
KFINTECH,961.1,961.1,931.0,970.0,937.5,-32.5,-3.35,577543
INDIGO,5065.0,5106.5,5010.0,5234.0,5052.0,-182.0,-3.48,788457
INDUSTOWER,386.0,386.2,373.0,388.8,375.0,-13.8,-3.55,5558555
BHEL,437.25,437.25,423.2,442.65,426.55,-16.1,-3.64,7144021
ABCAPITAL,404.5,404.85,390.3,409.4,394.45,-14.95,-3.65,2580254
VMM,112.0,113.0,106.3,110.64,106.55,-4.09,-3.7,13963729
LTF,315.25,316.0,305.3,321.0,309.05,-11.95,-3.72,9359609
MAXHEALTH,1022.0,1022.0,1000.2,1042.1,1003.0,-39.1,-3.75,2829311
CAMS,782.95,783.0,750.25,782.0,752.0,-30.0,-3.84,1008731
PRESTIGE,1597.1,1597.1,1548.2,1633.0,1570.0,-63.0,-3.86,701659
NESTLEIND,1514.8,1514.8,1436.0,1496.5,1438.2,-58.3,-3.9,2555542
ICICIPRULI,507.0,507.0,495.0,517.05,495.45,-21.6,-4.18,2199838
MARUTI,13540.0,13540.0,12851.0,13547.0,12950.0,-597.0,-4.41,915975
SHRIRAMFIN,1099.0,1099.0,1050.6,1109.9,1059.1,-50.8,-4.58,5673585
KALYANKJIL,609.45,614.6,569.05,601.0,573.0,-28.0,-4.66,13219538
PAYTM,1689.0,1698.6,1616.3,1717.1,1633.5,-83.6,-4.87,2753126
POLYCAB,9200.0,9209.0,8871.0,9445.0,8895.5,-549.5,-5.82,653035
KEI,5575.0,5608.5,5301.5,5740.3,5348.0,-392.3,-6.83,658512
