Symbol,Date,Open,High,Low,Close,PrevClose,Change,PctChange,Volume,AvgVol20,RVOL,VWAP,VWAP_Pos,VWAP_Band,VWAP_Dist%,EMA9,EMA20,EMA50,RSI,MACD,MACD_Signal,MACD_Hist,MACD_Cross,BB_Width%,BB_Pos,ATR,ADX,ADX_Trend,ADX_Dir,Supertrend,Breakout,Gap%,Gap_Type,Score,Label,ATR_Stop_L,ATR_Target_L,Vol_Spike
ATHERENERG,01-09-2026,1694.0,1744.0,1671.6,1725.6,1717.7,7.9,0.46,9560905,5017991,1.91,1562.53,Above,Above +1σ,10.44,1579.81,1500.8,1361.95,78.82,87.23,71.43,15.7958,,21.71,Above,63.98,53.23,Strong Trend,Bull,Bull,Breakout,-1.38,Gap Down,100,Strong Bull,1629.63,1853.57,Spike
BAJAJ-AUTO,01-09-2026,12180.0,12470.0,12090.0,12361.0,12130.0,231.0,1.9,494914,241163,2.05,11808.41,Above,Above +1σ,4.68,11946.63,11735.74,11238.25,73.52,265.67,258.61,7.0565,Bull,6.15,Above,218.76,52.69,Strong Trend,Bull,Bull,Breakout,0.41,No Gap,100,Strong Bull,12032.86,12798.52,Spike
UNOMINDA,01-09-2026,1279.9,1307.5,1261.5,1274.4,1276.0,-1.6,-0.13,1489812,778904,1.91,1264.76,Above,Inside,0.76,1268.42,1252.39,1205.9,63.55,22.89,25.86,-2.9709,,4.9,Inside,28.32,24.47,Weak Trend,Bull,Bull,Breakout,0.31,No Gap,97,Strong Bull,1231.92,1331.04,Spike
PNBHOUSING,01-09-2026,1140.0,1156.4,1135.0,1152.0,1148.7,3.3,0.29,2221845,1131857,1.96,1149.9,Above,Inside,0.18,1162.78,1150.42,1109.4,54.05,19.0,23.29,-4.2857,,5.44,Inside,29.31,31.64,Strong Trend,Bull,Bull,Breakdown,-0.76,Gap Down,90,Strong Bull,1108.04,1210.62,Spike
HEROMOTOCO,01-09-2026,5610.0,5659.0,5495.5,5555.0,5450.0,105.0,1.93,1231008,648188,1.9,5708.88,Below,Below -1σ,-2.7,5594.87,5582.26,5382.3,51.19,63.66,117.97,-54.3081,,8.37,Inside,123.72,35.21,Strong Trend,Bull,Bull,Breakout,2.94,Gap Up,80,Strong Bull,5369.42,5802.44,Spike
SUNPHARMA,01-09-2026,1963.1,1963.1,1921.1,1929.0,1984.8,-55.8,-2.81,3595216,1701940,2.11,1926.71,Above,Inside,0.12,1927.61,1926.51,1911.96,50.71,0.44,-2.34,2.7802,,5.28,Inside,36.01,25.33,Strong Trend,Bull,Bull,,-1.09,Gap Down,80,Strong Bull,1874.99,2001.01,Spike
EICHERMOT,01-09-2026,7975.0,8052.0,7860.0,7970.0,7953.5,16.5,0.21,760116,373569,2.03,8016.42,Below,Below -1σ,-0.58,8016.45,7980.23,7799.52,52.43,70.08,97.15,-27.0721,,2.07,Inside,130.09,32.09,Strong Trend,Bull,Bull,Breakout,0.27,No Gap,77,Bull,7774.86,8230.18,Spike
HCLTECH,01-09-2026,1316.1,1368.0,1313.1,1351.4,1312.2,39.2,2.99,4030238,1982652,2.03,1331.06,Above,Inside,1.53,1320.07,1316.09,1271.89,59.54,11.78,17.77,-5.9974,,7.76,Inside,32.56,16.07,No Trend,Bull,Bull,,0.3,No Gap,75,Bull,1302.55,1416.53,Spike
INFY,01-09-2026,1128.0,1156.0,1125.6,1156.0,1133.8,22.2,1.96,13515619,8241720,1.64,1149.18,Above,Inside,0.59,1137.57,1136.16,1125.43,55.55,4.19,6.45,-2.2554,,8.71,Inside,27.71,9.88,No Trend,Bear,Bull,,-0.51,Gap Down,75,Bull,1114.43,1211.42,Spike
MPHASIS,01-09-2026,2422.7,2523.0,2407.1,2505.5,2427.4,78.1,3.22,932167,442104,2.11,2466.44,Above,Inside,1.58,2449.37,2439.83,2396.82,59.22,17.06,21.84,-4.7788,,7.72,Inside,70.06,10.72,No Trend,Bull,Bull,,-0.19,No Gap,75,Bull,2400.4,2645.63,Spike
ITC,01-09-2026,261.5,268.2,261.5,266.6,255.5,11.1,4.34,31232541,13514438,2.31,272.01,Below,Inside,-1.99,267.23,271.89,277.68,41.72,-4.92,-3.99,-0.9346,,11.38,Inside,5.24,36.05,Strong Trend,Bear,Bear,Breakout,2.35,Gap Up,70,Bull,258.74,277.08,Spike
KEI,01-09-2026,5575.0,5608.5,5301.5,5348.0,5740.3,-392.3,-6.83,657461,374466,1.76,5611.7,Below,Below -1σ,-4.7,5559.84,5527.87,5399.05,44.49,67.5,103.75,-36.2428,,8.45,Below,176.43,27.13,Strong Trend,Bull,Bear,Breakdown,-2.88,Gap Down,70,Bull,5083.35,5700.87,Spike
MARICO,01-09-2026,823.15,840.05,823.15,838.1,820.0,18.1,2.21,3684792,1657337,2.22,845.89,Below,Inside,-0.92,837.74,845.42,845.98,45.57,-6.41,-3.21,-3.2011,,5.84,Inside,15.64,27.79,Strong Trend,Bear,Bear,Breakout,0.38,No Gap,70,Bull,814.65,869.37,Spike
TVSMOTOR,01-09-2026,4341.3,4409.0,4122.0,4203.0,4341.3,-138.3,-3.19,1908908,927636,2.06,4359.7,Below,Below -1σ,-3.59,4337.18,4304.22,4070.4,46.73,80.41,123.09,-42.682,,5.54,Below,107.18,38.92,Strong Trend,Bear,Bull,Breakout,0.0,No Gap,70,Bull,4042.24,4417.35,Spike
HDFCBANK,01-09-2026,705.05,715.45,698.5,711.9,709.0,2.9,0.41,44412827,28993962,1.53,725.09,Below,Below -1σ,-1.82,718.84,727.69,744.97,35.4,-11.37,-11.69,0.3193,,3.93,Inside,12.57,30.79,Strong Trend,Bear,Bear,Breakdown,-0.56,Gap Down,67,Bull,693.04,737.04,Spike
ICICIPRULI,01-09-2026,507.0,507.0,495.0,495.45,517.05,-21.6,-4.18,2199511,1378598,1.6,506.68,Below,Below -1σ,-2.22,507.33,507.11,501.59,43.45,1.06,1.82,-0.7596,Bear,4.9,Inside,12.55,21.39,Weak Trend,Bull,Bear,Breakdown,-1.94,Gap Down,67,Bull,476.62,520.56,Spike
ADANIENT,01-09-2026,2910.0,2942.5,2846.0,2863.9,2859.1,4.8,0.17,3861581,1847381,2.09,2996.96,Below,Below -1σ,-4.44,3005.98,3023.75,3030.68,35.35,-14.93,-5.44,-9.4929,Bear,10.27,Inside,82.04,21.31,Weak Trend,Bear,Bear,Breakdown,1.78,Gap Up,65,Bull,2740.84,3027.98,Spike
ASIANPAINT,01-09-2026,2645.3,2645.3,2545.2,2575.5,2653.6,-78.1,-2.94,1046460,693323,1.51,2677.94,Below,Below -1σ,-3.83,2629.71,2658.41,2684.57,34.53,-28.01,-19.99,-8.0209,,8.66,Inside,54.37,20.25,Weak Trend,Bear,Bear,Breakdown,-0.31,No Gap,65,Bull,2493.95,2684.23,Spike
MARUTI,01-09-2026,13540.0,13540.0,12851.0,12950.0,13547.0,-597.0,-4.41,915695,305155,3.0,13684.79,Below,Below -1σ,-5.37,13453.15,13622.58,13669.43,30.27,-143.01,-68.27,-74.7365,,8.34,Below,257.81,20.58,Weak Trend,Bear,Bear,Breakdown,-0.05,No Gap,65,Bull,12563.28,13465.63,Spike
ADANIPOWER,01-09-2026,202.0,205.79,201.31,204.36,198.0,6.36,3.21,38024568,20409540,1.86,207.48,Below,Inside,-1.5,206.12,207.48,211.8,45.12,-2.03,-2.34,0.3077,,6.95,Inside,6.0,17.87,No Trend,Bear,Bear,,2.02,Gap Up,60,Bull,195.37,216.35,Spike
APLAPOLLO,01-09-2026,2228.7,2258.8,2214.0,2234.0,2223.4,10.6,0.48,642022,616877,1.04,2104.09,Above,Above +1σ,6.17,2183.3,2107.04,1984.8,75.8,87.47,79.69,7.7782,,17.54,Inside,49.84,56.32,Strong Trend,Bull,Bull,,0.24,No Gap,60,Bull,2159.24,2333.68,
BOSCHLTD,01-09-2026,49400.0,49400.0,47805.0,48550.0,50000.0,-1450.0,-2.9,53590,52690,1.02,46450.75,Above,Inside,4.52,48537.97,47071.77,44275.25,64.81,1803.53,1809.86,-6.3314,Bear,19.82,Inside,1109.17,53.16,Strong Trend,Bull,Bull,,-1.2,Gap Down,60,Bull,46886.25,50768.33,
DIVISLAB,01-09-2026,9251.5,9262.5,9087.0,9165.0,9467.0,-302.0,-3.19,485585,416617,1.17,8743.6,Above,Above +1σ,4.82,8999.41,8665.63,8021.39,70.12,395.82,367.03,28.7894,,15.09,Inside,200.69,66.4,Strong Trend,Bull,Bull,,-2.28,Gap Down,60,Bull,8863.96,9566.38,
GLENMARK,01-09-2026,2480.0,2494.9,2455.0,2470.4,2480.0,-9.6,-0.39,679495,521404,1.3,2359.69,Above,Above +1σ,4.69,2429.18,2368.03,2293.08,66.58,61.98,45.84,16.1384,,14.13,Inside,60.04,23.85,Weak Trend,Bull,Bull,,0.0,No Gap,60,Bull,2380.34,2590.48,
PERSISTENT,01-09-2026,5621.5,5852.5,5603.0,5800.0,5594.5,205.5,3.67,592756,457255,1.3,5613.31,Above,Above +1σ,3.33,5679.8,5585.32,5365.35,60.93,121.58,123.4,-1.8176,,8.09,Inside,164.68,19.91,No Trend,Bull,Bull,,0.48,No Gap,60,Bull,5552.99,6129.35,
POLICYBZR,01-09-2026,1845.0,1847.8,1812.1,1829.2,1875.0,-45.8,-2.44,1724174,1393476,1.24,1739.32,Above,Above +1σ,5.17,1813.96,1761.54,1680.8,64.09,59.55,54.1,5.4484,,18.08,Inside,49.94,52.86,Strong Trend,Bull,Bull,,-1.6,Gap Down,60,Bull,1754.29,1929.08,
SAIL,01-09-2026,196.0,200.8,190.25,193.0,195.0,-2.0,-1.03,27611389,25455704,1.08,182.64,Above,Above +1σ,5.67,188.84,181.93,176.69,64.85,6.55,4.3,2.2492,,21.62,Inside,6.87,22.07,Weak Trend,Bull,Bull,,0.51,Gap Up,60,Bull,182.69,206.75,
TATASTEEL,01-09-2026,183.7,188.68,182.12,184.07,184.35,-0.28,-0.15,46661833,26498623,1.76,186.32,Below,Inside,-1.21,185.52,186.1,188.24,43.25,-0.78,-0.8,0.0186,,5.29,Inside,4.12,12.93,No Trend,Bear,Bear,,-0.35,No Gap,60,Bull,177.89,192.3,Spike
UPL,01-09-2026,567.65,568.7,560.9,567.1,562.25,4.85,0.86,4060247,1977700,2.05,571.81,Below,Inside,-0.82,571.79,575.73,585.64,43.61,-5.43,-6.01,0.5789,,4.87,Inside,11.25,13.31,No Trend,Bear,Bear,,0.96,Gap Up,57,Neutral,550.23,589.6,Spike
ADANIPORTS,01-09-2026,1625.0,1655.6,1625.0,1647.5,1593.1,54.4,3.41,3770067,2288523,1.65,1673.25,Below,Inside,-1.54,1670.86,1689.47,1731.95,41.55,-23.45,-22.89,-0.5573,Bear,6.29,Inside,38.14,26.69,Strong Trend,Bear,Bear,,2.0,Gap Up,55,Neutral,1590.3,1723.77,Spike
AXISBANK,01-09-2026,1274.9,1275.1,1255.0,1258.0,1300.0,-42.0,-3.23,5587984,4749975,1.18,1243.5,Above,Inside,1.17,1258.63,1253.5,1269.43,50.54,-0.08,-7.03,6.9453,,5.77,Inside,23.71,18.49,No Trend,Bull,Bear,,-1.93,Gap Down,55,Neutral,1222.43,1305.43,
BPCL,01-09-2026,317.35,319.7,313.0,317.65,324.05,-6.4,-1.98,6047271,4998070,1.21,316.39,Above,Inside,0.4,317.71,316.69,312.84,51.98,1.14,0.76,0.378,,6.27,Inside,7.37,13.23,No Trend,Bear,Bull,,-2.07,Gap Down,55,Neutral,306.59,332.4,
CHOLAFIN,01-09-2026,1851.1,1851.5,1794.1,1814.7,1857.4,-42.7,-2.3,1873408,1057381,1.77,1881.82,Below,Below -1σ,-3.57,1857.7,1859.04,1804.34,43.7,9.22,20.62,-11.3941,,6.27,Below,45.84,17.1,No Trend,Bear,Bull,,-0.34,No Gap,55,Neutral,1745.94,1906.38,Spike
DLF,01-09-2026,672.6,676.0,665.95,675.15,691.05,-15.9,-2.3,3403168,3029227,1.12,666.52,Above,Inside,1.3,677.96,671.46,653.62,53.54,8.02,7.73,0.2933,,8.27,Inside,16.86,15.7,No Trend,Bull,Bull,,-2.67,Gap Down,55,Neutral,649.86,708.87,
FORCEMOT,01-09-2026,17580.0,18069.0,17462.0,17722.0,17526.0,196.0,1.12,149177,74410,2.0,18241.37,Below,Inside,-2.85,17648.64,17836.28,17929.64,46.93,-169.73,-102.66,-67.0727,,11.64,Inside,478.56,14.91,No Trend,Bull,Bear,,0.31,No Gap,55,Neutral,17004.16,18679.12,Spike
INDIGO,01-09-2026,5065.0,5106.5,5010.0,5052.0,5234.0,-182.0,-3.48,788397,484458,1.63,5230.21,Below,Below -1σ,-3.41,5176.04,5207.44,5155.91,40.5,-20.55,-2.6,-17.9562,,6.98,Below,116.87,16.28,No Trend,Bear,Bear,,-3.23,Gap Down,55,Neutral,4876.69,5285.75,Spike
LTF,01-09-2026,315.25,316.0,305.3,309.05,321.0,-11.95,-3.72,9358601,4588799,2.04,316.31,Below,Below -1σ,-2.3,316.47,315.68,308.48,45.68,1.75,2.51,-0.7623,,5.83,Inside,9.4,16.55,No Trend,Bear,Bull,,-1.79,Gap Down,55,Neutral,294.96,327.84,Spike
MAHABANK,01-09-2026,82.0,83.83,82.0,82.7,82.07,0.63,0.77,14193224,13790231,1.03,81.87,Above,Inside,1.02,82.49,81.74,82.14,53.68,0.52,0.11,0.4088,,9.83,Inside,2.12,18.36,No Trend,Bull,Bull,,-0.09,No Gap,55,Neutral,79.52,86.94,
NYKAA,01-09-2026,347.15,347.15,337.0,338.5,349.55,-11.05,-3.16,8375735,6458098,1.3,333.38,Above,Inside,1.53,337.34,333.53,321.99,55.77,4.54,3.91,0.6272,,7.61,Inside,8.13,32.77,Strong Trend,Bull,Bull,,-0.69,Gap Down,55,Neutral,326.3,354.76,
POLYCAB,01-09-2026,9200.0,9209.0,8871.0,8895.5,9445.0,-549.5,-5.82,652932,284165,2.3,9143.7,Below,Below -1σ,-2.71,9114.68,9139.08,9229.9,42.55,-33.23,-32.99,-0.2455,Bear,5.81,Below,226.53,12.15,No Trend,Bull,Bear,,-2.59,Gap Down,55,Neutral,8555.71,9348.56,Spike
360ONE,01-09-2026,1175.0,1184.3,1147.5,1165.6,1175.0,-9.4,-0.8,2175279,902289,2.41,1179.63,Below,Inside,-1.19,1185.6,1177.62,1148.43,48.64,13.29,17.33,-4.0389,,4.95,Inside,30.1,16.7,No Trend,Bear,Bull,,0.0,No Gap,52,Neutral,1120.45,1225.81,Spike
ICICIBANK,01-09-2026,1442.9,1446.7,1422.8,1438.0,1454.0,-16.0,-1.1,10599308,9540608,1.11,1428.45,Above,Inside,0.67,1432.02,1428.03,1410.09,54.07,4.6,3.09,1.5091,,4.26,Inside,22.43,17.81,No Trend,Bull,Bull,,-0.76,Gap Down,52,Neutral,1404.36,1482.85,
INDUSINDBK,01-09-2026,1004.0,1004.0,985.0,992.6,1016.6,-24.0,-2.36,1742533,1091055,1.6,1010.57,Below,Below -1σ,-1.78,1005.78,1008.92,993.43,44.54,-0.35,2.98,-3.3335,,3.61,Below,20.43,15.34,No Trend,Bull,Bear,,-1.24,Gap Down,52,Neutral,961.96,1033.46,Spike
PHOENIXLTD,01-09-2026,1880.1,1896.5,1867.7,1892.6,1900.0,-7.4,-0.39,730521,378762,1.93,1912.47,Below,Below -1σ,-1.04,1911.45,1924.5,1929.5,41.2,-15.21,-14.89,-0.3236,Bear,3.21,Inside,40.93,15.52,No Trend,Bear,Bear,,-1.05,Gap Down,52,Neutral,1831.21,1974.45,Spike
ADANIENSOL,01-09-2026,1435.0,1444.4,1373.3,1382.0,1417.4,-35.4,-2.5,8160144,4401103,1.85,1527.83,Below,Below -1σ,-9.54,1516.95,1561.23,1585.08,27.7,-39.2,-21.21,-17.988,,16.66,Below,58.74,19.16,No Trend,Bear,Bear,,1.24,Gap Up,50,Neutral,1293.88,1499.49,Spike
ADANIGREEN,01-09-2026,1220.0,1271.2,1217.0,1265.0,1214.9,50.1,4.12,4309199,1564627,2.75,1318.28,Below,Below -1σ,-4.04,1291.71,1324.3,1386.41,38.46,-39.49,-37.79,-1.6974,,11.75,Inside,40.77,23.88,Weak Trend,Bear,Bear,,0.42,No Gap,50,Neutral,1203.84,1346.54,Spike
BANKBARODA,01-09-2026,238.0,240.2,236.68,237.7,238.6,-0.9,-0.38,13129090,7962078,1.65,244.71,Below,Below -1σ,-2.86,241.33,243.76,249.71,37.15,-2.83,-2.44,-0.3975,,6.28,Inside,4.47,17.34,No Trend,Bear,Bear,,-0.25,No Gap,50,Neutral,231.0,246.64,Spike
RELIANCE,01-09-2026,1285.0,1311.8,1280.0,1309.0,1277.0,32.0,2.51,12613543,11438145,1.1,1304.02,Above,Inside,0.38,1299.29,1303.44,1300.08,51.78,-2.36,0.82,-3.1791,,5.04,Inside,20.79,14.07,No Trend,Bear,Bull,,0.63,Gap Up,50,Neutral,1277.81,1350.59,
INDIANB,01-09-2026,889.0,890.5,874.05,881.75,898.75,-17.0,-1.89,1602754,1303535,1.23,881.63,Above,Inside,0.01,883.5,876.0,859.71,54.66,9.98,10.78,-0.7947,,4.84,Inside,20.15,22.35,Weak Trend,Bull,Bull,,-1.08,Gap Down,47,Neutral,851.52,922.06,
CGPOWER,01-09-2026,901.95,903.55,881.6,885.5,916.0,-30.5,-3.33,2968646,2071245,1.43,883.73,Above,Inside,0.2,887.98,884.97,891.95,49.88,0.59,-2.74,3.3323,,5.54,Inside,23.64,14.95,No Trend,Bull,Bear,,-1.53,Gap Down,45,Neutral,850.03,932.79,
GVT&D,01-09-2026,4400.0,4400.0,4268.8,4324.0,4445.2,-121.2,-2.73,1042655,1003576,1.04,4285.29,Above,Inside,0.9,4313.28,4308.69,4434.04,49.59,-24.71,-57.33,32.616,,10.48,Inside,163.84,17.24,No Trend,Bear,Bear,,-1.02,Gap Down,45,Neutral,4078.25,4651.67,
AUROPHARMA,01-09-2026,1700.0,1700.1,1671.1,1683.3,1717.0,-33.7,-1.96,608683,960096,0.63,1638.89,Above,Above +1σ,2.71,1653.83,1633.06,1590.91,61.17,23.55,19.92,3.6316,,7.13,Inside,38.36,29.96,Strong Trend,Bull,Bull,,-0.99,Gap Down,40,Neutral,1625.76,1760.02,
COFORGE,01-09-2026,1985.3,1994.2,1961.2,1988.9,1985.3,3.6,0.18,2055749,2153788,0.95,1863.22,Above,Above +1σ,6.75,1927.23,1853.2,1712.83,73.03,87.59,81.35,6.248,,15.68,Inside,49.43,41.98,Strong Trend,Bull,Bull,,0.0,No Gap,40,Neutral,1914.75,2087.77,
ETERNAL,01-09-2026,325.0,329.4,323.0,327.75,328.1,-0.35,-0.11,21490907,37623563,0.57,323.41,Above,Inside,1.34,326.47,320.42,302.15,65.63,8.45,9.3,-0.8537,,8.19,Inside,8.04,42.12,Strong Trend,Bull,Bull,,-0.94,Gap Down,40,Neutral,315.7,343.82,
KOTAKBANK,01-09-2026,420.8,429.1,420.75,425.0,419.4,5.6,1.34,7669565,12060428,0.64,405.61,Above,Above +1σ,4.78,414.0,405.08,397.28,71.67,8.36,5.25,3.108,,12.5,Inside,7.64,43.0,Strong Trend,Bull,Bull,,0.33,No Gap,40,Neutral,413.54,440.27,
LAURUSLABS,01-09-2026,1888.9,1895.0,1837.4,1861.6,1915.0,-53.4,-2.79,3529595,3522542,1.0,1874.02,Below,Inside,-0.66,1876.08,1835.2,1719.13,58.66,55.68,59.28,-3.599,Bear,9.09,Inside,47.26,40.51,Strong Trend,Bull,Bull,,-1.36,Gap Down,40,Neutral,1790.71,1956.12,
MCX,01-09-2026,3360.1,3369.0,3255.2,3303.0,3400.0,-97.0,-2.85,1505080,2944908,0.51,2995.36,Above,Above +1σ,10.27,3255.72,3110.15,2948.87,65.27,150.89,120.31,30.5855,,32.62,Inside,100.29,37.05,Strong Trend,Bull,Bull,,-1.17,Gap Down,40,Neutral,3152.56,3503.59,
MOTILALOFS,01-09-2026,1047.0,1047.9,1008.0,1016.0,1042.9,-26.9,-2.58,501059,1240131,0.4,958.2,Above,Inside,6.03,1009.8,974.22,938.18,65.2,34.73,24.74,9.9936,,26.03,Inside,29.04,40.11,Strong Trend,Bull,Bull,,0.39,No Gap,40,Neutral,972.44,1074.07,
NAUKRI,01-09-2026,1335.0,1371.7,1327.2,1356.0,1313.0,43.0,3.27,1564586,1995531,0.78,1328.76,Above,Inside,2.05,1339.8,1318.3,1234.37,60.7,35.11,43.82,-8.7154,,13.17,Inside,37.14,39.72,Strong Trend,Bull,Bull,,1.68,Gap Up,40,Neutral,1300.3,1430.27,
OIL,01-09-2026,485.0,493.0,484.2,490.0,483.15,6.85,1.42,1788013,3051008,0.59,468.11,Above,Above +1σ,4.68,478.37,470.75,455.49,66.11,9.31,9.0,0.3046,Bull,11.38,Inside,12.54,28.44,Strong Trend,Bull,Bull,,0.38,No Gap,40,Neutral,471.19,515.08,
SAGILITY,01-09-2026,47.05,47.12,45.9,46.45,47.05,-0.6,-1.28,13884541,24160102,0.57,44.43,Above,Above +1σ,4.54,44.96,44.01,42.81,67.84,0.9,0.53,0.3661,,12.54,Above,1.39,26.26,Strong Trend,Bull,Bull,,0.0,No Gap,40,Neutral,44.37,49.22,
BAJAJHLDNG,01-09-2026,11480.0,11500.0,11282.0,11310.0,11644.0,-334.0,-2.87,44565,42626,1.05,11379.71,Below,Inside,-0.61,11395.8,11324.38,11040.37,51.39,115.61,141.68,-26.0747,,4.4,Inside,256.77,20.41,Weak Trend,Bull,Bull,,-1.41,Gap Down,37,Bear,10924.85,11823.54,
AMBER,01-09-2026,7640.0,7644.5,7490.0,7508.0,7620.0,-112.0,-1.47,100742,349531,0.29,7322.37,Above,Inside,2.54,7503.67,7439.87,7470.65,53.15,36.57,-11.1,47.6709,,10.4,Inside,185.84,15.94,No Trend,Bull,Bull,,0.26,No Gap,35,Bear,7229.24,7879.69,
BEL,01-09-2026,414.45,414.45,409.35,411.2,414.45,-3.25,-0.78,5623065,10049357,0.56,406.46,Above,Inside,1.17,411.01,408.77,407.69,53.82,2.16,1.64,0.5221,,5.67,Inside,6.62,12.16,No Trend,Bull,Bull,,0.0,No Gap,35,Bear,401.26,424.45,
BHEL,01-09-2026,437.25,437.25,423.2,426.55,442.65,-16.1,-3.64,7138019,8137503,0.88,420.85,Above,Inside,1.35,426.19,420.86,411.37,54.51,5.72,4.49,1.229,,9.92,Inside,12.46,29.34,Strong Trend,Bull,Bull,,-1.22,Gap Down,35,Bear,407.86,451.47,
CDSL,01-09-2026,1400.0,1407.4,1376.0,1391.0,1402.5,-11.5,-0.82,742552,1252737,0.59,1377.48,Above,Inside,0.98,1392.98,1376.04,1347.39,55.71,17.31,12.82,4.4951,,9.79,Inside,30.65,20.76,Weak Trend,Bull,Bull,,-0.18,No Gap,35,Bear,1345.03,1452.3,
FORTIS,01-09-2026,911.6,921.45,893.0,915.0,906.9,8.1,0.89,1605501,1570277,1.02,921.36,Below,Inside,-0.69,916.33,921.97,938.58,45.89,-8.14,-9.35,1.2094,,5.76,Inside,22.06,10.63,No Trend,Bull,Bear,,0.52,Gap Up,35,Bear,881.91,959.12,
HDFCAMC,01-09-2026,2580.5,2580.5,2526.0,2544.9,2622.1,-77.2,-2.94,936530,834241,1.12,2565.35,Below,Inside,-0.8,2590.55,2584.02,2580.05,46.09,4.44,1.24,3.2011,,8.81,Inside,64.56,13.99,No Trend,Bull,Bear,,-1.59,Gap Down,35,Bear,2448.06,2674.03,
HINDZINC,01-09-2026,604.15,608.95,593.05,597.0,595.45,1.55,0.26,5674108,7578428,0.75,595.1,Above,Inside,0.32,598.99,586.67,567.89,55.45,14.34,13.46,0.878,,12.83,Inside,19.0,25.31,Strong Trend,Bull,Bull,,1.46,Gap Up,35,Bear,568.5,635.0,
IDEA,01-09-2026,14.6,14.63,13.96,14.06,14.33,-0.27,-1.88,316410646,418715644,0.76,13.92,Above,Inside,1.02,14.37,14.08,13.88,51.28,0.29,0.24,0.0548,,22.01,Inside,0.47,31.91,Strong Trend,Bull,Bull,,1.88,Gap Up,35,Bear,13.36,15.0,
INDUSTOWER,01-09-2026,386.0,386.2,373.0,375.0,388.8,-13.8,-3.55,5557992,5318067,1.05,378.75,Below,Inside,-0.99,379.64,381.03,388.24,44.79,-2.75,-3.89,1.1375,,6.69,Inside,9.92,23.83,Weak Trend,Bear,Bear,,-0.72,Gap Down,35,Bear,360.13,394.83,
JINDALSTEL,01-09-2026,1175.7,1175.7,1147.0,1160.0,1192.9,-32.9,-2.76,517590,795669,0.65,1132.21,Above,Inside,2.45,1158.97,1135.45,1110.52,59.4,24.79,20.15,4.6384,,10.92,Inside,27.43,30.42,Strong Trend,Bull,Bull,,-1.44,Gap Down,35,Bear,1118.85,1214.86,
JSWSTEEL,01-09-2026,1314.6,1328.0,1307.1,1313.5,1307.7,5.8,0.44,1134113,1714479,0.66,1305.44,Above,Inside,0.62,1315.34,1302.48,1283.64,55.49,14.78,13.62,1.16,,7.24,Inside,25.18,31.05,Strong Trend,Bull,Bull,,0.53,Gap Up,35,Bear,1275.72,1363.87,
LICHSGFIN,01-09-2026,538.4,538.4,526.35,534.9,538.4,-3.5,-0.65,2000062,2743525,0.73,513.43,Above,Above +1σ,4.18,523.73,519.17,525.95,58.89,0.8,-4.97,5.7743,,11.46,Inside,11.91,24.75,Weak Trend,Bull,Bull,,0.0,No Gap,35,Bear,517.03,558.73,
MAXHEALTH,01-09-2026,1022.0,1022.0,1000.2,1003.0,1042.1,-39.1,-3.75,2828705,2030094,1.39,1019.88,Below,Inside,-1.65,1014.18,1026.51,1046.53,41.2,-16.9,-19.7,2.7972,,10.92,Inside,27.58,28.44,Strong Trend,Bull,Bear,,-1.93,Gap Down,35,Bear,961.64,1058.15,
NMDC,01-09-2026,86.81,87.4,85.1,85.69,88.2,-2.51,-2.85,11310649,19202032,0.59,85.43,Above,Inside,0.31,86.22,85.68,85.62,50.53,0.47,0.26,0.2124,,5.6,Inside,2.16,15.72,No Trend,Bull,Bull,,-1.58,Gap Down,35,Bear,82.45,90.01,
OFSS,01-09-2026,12350.0,12353.0,11992.0,12187.0,12540.0,-353.0,-2.81,208317,217950,0.96,11868.01,Above,Above +1σ,2.69,12015.22,11814.5,11346.27,59.96,229.81,194.28,35.5239,,8.08,Inside,367.64,13.3,No Trend,Bull,Bull,,-1.52,Gap Down,35,Bear,11635.54,12922.28,
PETRONET,01-09-2026,294.1,296.65,290.4,292.3,300.6,-8.3,-2.76,1081023,1989918,0.54,287.03,Above,Inside,1.84,292.12,288.23,282.82,56.61,4.19,3.51,0.68,,9.4,Inside,6.39,31.11,Strong Trend,Bull,Bull,,-2.16,Gap Down,35,Bear,282.72,305.08,
SOLARINDS,01-09-2026,20250.0,20270.0,19930.0,20060.0,20108.0,-48.0,-0.24,94048,152082,0.62,19801.8,Above,Inside,1.3,20060.08,19705.32,19047.15,58.86,431.74,427.26,4.4811,,14.01,Inside,508.04,17.22,No Trend,Bull,Bull,,0.71,Gap Up,35,Bear,19297.94,21076.08,
ZYDUSLIFE,01-09-2026,1167.3,1183.0,1152.0,1167.8,1161.3,6.5,0.56,1070386,1741945,0.61,1155.4,Above,Inside,1.07,1155.46,1144.36,1131.95,56.37,10.08,5.37,4.7016,,11.44,Inside,30.51,17.77,No Trend,Bull,Bull,,0.52,Gap Up,35,Bear,1122.03,1228.82,
HDFCLIFE,01-09-2026,540.0,544.25,537.4,540.3,543.35,-3.05,-0.56,3064024,2820934,1.09,543.05,Below,Inside,-0.51,545.23,546.04,550.86,44.19,-1.86,-2.67,0.804,,4.23,Inside,9.61,14.64,No Trend,Bear,Bear,,-0.62,Gap Down,32,Bear,525.88,559.52,
TORNTPHARM,01-09-2026,4973.5,4987.5,4919.5,4965.5,5066.0,-100.5,-1.98,204661,349433,0.59,4945.51,Above,Inside,0.4,4978.41,4956.53,4872.78,51.75,27.65,24.41,3.2421,,4.87,Inside,113.22,17.84,No Trend,Bull,Bull,,-1.83,Gap Down,32,Bear,4795.67,5191.94,
ABB,01-09-2026,7521.5,7524.5,7331.5,7396.0,7638.5,-242.5,-3.17,253174,171452,1.48,7590.18,Below,Below -1σ,-2.56,7525.91,7520.6,7378.37,45.82,33.78,61.34,-27.5553,,5.34,Inside,191.56,26.32,Strong Trend,Bull,Bull,,-1.53,Gap Down,30,Bear,7108.66,7779.13,
BHARTIARTL,01-09-2026,1852.0,1877.2,1848.5,1877.2,1811.9,65.3,3.6,9899659,7379156,1.34,1926.2,Below,Below -1σ,-2.54,1891.48,1913.06,1905.98,44.14,-15.31,-2.64,-12.6733,,8.4,Inside,38.91,25.19,Strong Trend,Bear,Bear,,2.21,Gap Up,30,Bear,1818.84,1955.02,
CIPLA,01-09-2026,1420.9,1425.7,1406.5,1423.0,1409.2,13.8,0.98,880086,760489,1.16,1441.39,Below,Inside,-1.28,1423.27,1431.72,1430.3,46.34,-7.02,-3.62,-3.3992,,5.81,Inside,22.58,17.49,No Trend,Bear,Bear,,0.83,Gap Up,30,Bear,1389.13,1468.15,
IOC,01-09-2026,136.34,137.9,135.15,136.53,139.13,-2.6,-1.87,9534627,8128310,1.17,139.18,Below,Below -1σ,-1.91,137.96,138.76,139.51,42.59,-0.88,-0.77,-0.1007,,6.9,Inside,2.59,11.65,No Trend,Bear,Bear,,-2.01,Gap Down,30,Bear,132.65,141.71,
KALYANKJIL,01-09-2026,609.45,614.6,569.05,573.0,601.0,-28.0,-4.66,13217657,11935155,1.11,601.92,Below,Below -1σ,-4.8,602.12,596.89,545.41,45.49,14.05,21.37,-7.3204,,8.7,Below,22.03,27.91,Strong Trend,Bear,Bull,,1.41,Gap Up,30,Bear,539.95,617.07,
LODHA,01-09-2026,1214.9,1231.8,1180.0,1193.9,1198.6,-4.7,-0.39,1844586,1270047,1.45,1236.07,Below,Below -1σ,-3.41,1232.88,1228.75,1164.99,45.89,14.94,24.66,-9.7146,,8.11,Inside,40.74,29.38,Strong Trend,Bear,Bull,,1.36,Gap Up,30,Bear,1132.78,1275.39,
LTM,01-09-2026,4540.0,4648.4,4514.9,4625.0,4540.0,85.0,1.87,265043,390337,0.68,4618.23,Above,Inside,0.15,4569.56,4535.73,4353.44,56.98,68.75,95.24,-26.4888,,10.02,Inside,133.84,23.54,Weak Trend,Bull,Bull,,0.0,No Gap,30,Bear,4424.24,4892.68,
M&M,01-09-2026,3367.0,3368.0,3223.0,3259.0,3282.0,-23.0,-0.7,1887143,1827890,1.03,3410.56,Below,Below -1σ,-4.44,3344.28,3358.64,3283.03,40.07,8.08,37.15,-29.0727,,7.35,Below,70.48,25.05,Strong Trend,Bear,Bear,,2.59,Gap Up,30,Bear,3153.28,3399.96,
MOTHERSON,01-09-2026,170.0,170.0,163.3,165.6,170.68,-5.08,-2.98,14095049,19740846,0.71,165.15,Above,Inside,0.27,167.08,164.61,157.41,55.72,3.83,4.74,-0.9118,,10.48,Inside,4.2,33.06,Strong Trend,Bull,Bull,,-0.4,No Gap,30,Bear,159.29,174.01,
NESTLEIND,01-09-2026,1514.8,1514.8,1436.0,1438.2,1496.5,-58.3,-3.9,2554784,1718817,1.49,1488.57,Below,Below -1σ,-3.38,1465.25,1473.27,1467.36,42.12,-5.1,-0.26,-4.8404,,7.99,Inside,35.7,18.05,No Trend,Bull,Bear,,1.22,Gap Up,30,Bear,1384.65,1509.6,
OBEROIRLTY,01-09-2026,1856.3,1887.2,1846.6,1880.7,1868.0,12.7,0.68,211010,493333,0.43,1863.66,Above,Inside,0.91,1871.79,1860.31,1821.59,55.61,14.75,14.76,-0.016,,9.3,Inside,44.22,21.19,Weak Trend,Bull,Bull,,-0.63,Gap Down,30,Bear,1814.38,1969.13,
PAYTM,01-09-2026,1689.0,1698.6,1616.3,1633.5,1717.1,-83.6,-4.87,2746785,4861738,0.56,1596.21,Above,Inside,2.34,1653.9,1591.16,1442.97,58.83,82.57,87.83,-5.2663,Bear,20.76,Inside,57.84,47.44,Strong Trend,Bull,Bull,,-1.64,Gap Down,30,Bear,1546.73,1749.19,
RADICO,01-09-2026,4481.4,4540.0,4393.4,4474.3,4485.0,-10.7,-0.24,473782,320405,1.48,4580.84,Below,Below -1σ,-2.33,4568.72,4538.94,4312.38,48.6,75.02,116.93,-41.9073,,6.86,Inside,98.83,49.98,Strong Trend,Bear,Bull,,-0.08,No Gap,30,Bear,4326.06,4671.95,
SBICARD,01-09-2026,653.2,660.35,628.4,632.4,644.75,-12.35,-1.92,3435773,3174671,1.08,646.09,Below,Below -1σ,-2.12,643.05,643.61,633.99,45.51,1.18,2.96,-1.7785,,7.71,Inside,18.55,18.81,No Trend,Bull,Bear,,1.31,Gap Up,30,Bear,604.57,669.5,
SHRIRAMFIN,01-09-2026,1099.0,1099.0,1050.6,1059.1,1109.9,-50.8,-4.58,5670625,3978915,1.43,1117.47,Below,Below -1σ,-5.22,1100.71,1100.91,1066.58,42.36,7.73,16.74,-9.0177,,6.7,Below,30.82,21.74,Weak Trend,Bear,Bear,,-0.98,Gap Down,30,Bear,1012.86,1120.75,
SIEMENS,01-09-2026,4029.9,4093.2,3975.1,4030.0,4030.0,0.0,0.0,317161,409410,0.77,4011.57,Above,Inside,0.46,4031.1,3971.37,3839.53,58.92,78.16,82.64,-4.4848,,6.88,Inside,97.87,30.61,Strong Trend,Bull,Bull,,-0.0,No Gap,30,Bear,3883.19,4225.75,
SUPREMEIND,01-09-2026,3570.0,3661.4,3563.3,3605.0,3559.0,46.0,1.29,169636,198946,0.85,3565.22,Above,Inside,1.12,3588.11,3556.66,3501.71,56.27,40.53,43.4,-2.873,,7.77,Inside,88.3,23.97,Weak Trend,Bull,Bull,,0.31,No Gap,30,Bear,3472.55,3781.6,
TCS,01-09-2026,2355.0,2372.0,2325.0,2369.0,2399.3,-30.3,-1.26,2677188,2730811,0.98,2350.4,Above,Inside,0.79,2331.81,2326.62,2283.36,55.43,10.67,12.3,-1.6289,,10.23,Inside,61.98,15.19,No Trend,Bull,Bull,,-1.85,Gap Down,30,Bear,2276.03,2492.96,
TECHM,01-09-2026,1630.0,1649.0,1613.7,1638.0,1628.0,10.0,0.61,2412013,2567871,0.94,1625.31,Above,Inside,0.78,1613.66,1606.58,1571.16,59.71,11.77,13.32,-1.5545,,6.16,Inside,36.73,17.73,No Trend,Bull,Bull,,0.12,No Gap,30,Bear,1582.9,1711.46,
UNIONBANK,01-09-2026,185.0,186.32,183.26,184.9,188.63,-3.73,-1.98,6999946,11383456,0.61,184.52,Above,Inside,0.21,185.79,183.57,178.18,55.15,3.1,3.52,-0.429,,6.38,Inside,4.69,34.06,Strong Trend,Bull,Bull,,-1.92,Gap Down,30,Bear,177.87,194.28,
ASHOKLEY,01-09-2026,176.5,176.5,168.53,170.53,175.64,-5.11,-2.91,16855875,16560429,1.02,175.63,Below,Below -1σ,-2.9,174.53,172.91,166.13,48.73,2.83,3.75,-0.917,,4.93,Below,4.4,22.14,Weak Trend,Bear,Bull,,0.49,No Gap,27,Bear,163.94,179.32,
GRASIM,01-09-2026,3337.0,3337.0,3287.1,3305.0,3371.0,-66.0,-1.96,818427,1172825,0.7,3291.86,Above,Inside,0.4,3300.96,3274.14,3216.63,55.08,34.05,34.8,-0.753,Bear,4.95,Inside,73.3,24.52,Weak Trend,Bull,Bull,,-1.01,Gap Down,27,Bear,3195.04,3451.61,
NHPC,01-09-2026,76.72,77.1,75.46,76.3,76.72,-0.42,-0.55,11982237,8768715,1.37,77.04,Below,Below -1σ,-0.96,76.33,76.82,77.08,45.48,-0.56,-0.55,-0.0147,,3.68,Inside,1.48,17.56,No Trend,Bear,Bear,,0.0,No Gap,27,Bear,74.08,79.25,
PIDILITIND,01-09-2026,1675.0,1675.5,1637.5,1643.5,1687.7,-44.2,-2.62,990152,952321,1.04,1666.08,Below,Below -1σ,-1.36,1656.27,1653.24,1624.81,49.25,8.51,13.47,-4.9528,,4.68,Inside,34.0,16.42,No Trend,Bull,Bull,,-0.75,Gap Down,27,Bear,1592.51,1711.49,
PRESTIGE,01-09-2026,1597.1,1597.1,1548.2,1570.0,1633.0,-63.0,-3.86,701645,502559,1.4,1598.56,Below,Below -1σ,-1.79,1604.8,1607.91,1585.24,44.19,-1.56,-0.05,-1.5119,Bear,4.98,Inside,49.6,18.18,No Trend,Bear,Bear,,-2.2,Gap Down,27,Bear,1495.6,1669.2,
RBLBANK,01-09-2026,379.55,383.75,377.8,380.5,380.35,0.15,0.04,2288691,2113667,1.08,386.4,Below,Below -1σ,-1.53,383.32,382.84,377.11,48.74,1.87,3.34,-1.4746,,4.32,Inside,7.28,14.41,No Trend,Bear,Bull,,-0.21,No Gap,27,Bear,369.58,395.06,
COLPAL,01-09-2026,1872.5,1873.0,1842.0,1859.8,1897.6,-37.8,-1.99,374264,347302,1.08,1918.42,Below,Inside,-3.06,1879.2,1924.2,1983.12,36.58,-50.23,-45.37,-4.8579,,14.51,Inside,41.88,30.48,Strong Trend,Bear,Bear,,-1.32,Gap Down,25,Bear,1796.98,1943.56,
GMRAIRPORT,01-09-2026,95.5,96.3,93.08,94.12,93.63,0.49,0.52,19746087,13223882,1.49,100.0,Below,Below -1σ,-5.88,97.73,100.6,103.67,23.47,-3.01,-2.4,-0.6128,,15.1,Inside,2.44,33.39,Strong Trend,Bear,Bear,,2.0,Gap Up,25,Bear,90.46,99.0,
HAVELLS,01-09-2026,1229.0,1229.0,1212.2,1222.8,1244.1,-21.3,-1.71,1005778,800410,1.26,1267.67,Below,Below -1σ,-3.54,1248.6,1255.86,1236.53,39.83,-0.4,9.23,-9.6271,,7.1,Below,28.78,21.91,Weak Trend,Bear,Bear,,-1.21,Gap Down,25,Bear,1179.63,1280.36,
IEX,01-09-2026,120.5,120.5,118.8,119.2,120.5,-1.3,-1.08,2633211,2268779,1.16,124.35,Below,Below -1σ,-4.14,121.93,123.47,123.74,33.83,-1.28,-0.63,-0.6564,,8.22,Below,2.31,22.41,Weak Trend,Bear,Bear,,0.0,No Gap,25,Bear,115.74,123.81,
IRFC,01-09-2026,83.34,83.75,82.16,82.5,83.34,-0.84,-1.01,7764806,6831263,1.14,86.49,Below,Below -1σ,-4.62,84.6,86.0,88.36,25.31,-1.5,-1.18,-0.3202,,8.81,Below,1.43,40.08,Strong Trend,Bear,Bear,,0.0,No Gap,25,Bear,80.36,85.36,
JSWENERGY,01-09-2026,524.0,526.6,514.45,518.0,520.4,-2.4,-0.46,2289901,1792649,1.28,546.95,Below,Below -1σ,-5.29,535.46,544.2,551.85,28.57,-7.92,-4.44,-3.4829,,10.55,Below,11.56,14.43,No Trend,Bear,Bear,,0.69,Gap Up,25,Bear,500.66,541.11,
LICI,01-09-2026,418.85,418.9,409.95,412.15,418.0,-5.85,-1.4,3608902,19097403,0.19,404.46,Above,Inside,1.9,416.44,415.87,416.1,46.75,-0.02,-0.77,0.7486,,10.3,Inside,9.52,14.16,No Trend,Bear,Bear,,0.2,No Gap,25,Bear,397.88,431.18,
LUPIN,01-09-2026,2190.2,2190.2,2137.6,2153.0,2188.4,-35.4,-1.62,1297780,1060463,1.22,2266.05,Below,Below -1σ,-4.99,2187.15,2236.63,2297.09,29.96,-56.81,-53.45,-3.3582,,12.63,Inside,44.92,35.78,Strong Trend,Bear,Bear,,0.08,No Gap,25,Bear,2085.62,2242.84,
RECLTD,01-09-2026,318.4,318.4,313.0,314.05,323.3,-9.25,-2.86,6496397,6340745,1.02,337.38,Below,Below -1σ,-6.92,323.84,333.84,345.03,28.22,-10.63,-8.84,-1.7897,,18.06,Inside,7.89,43.95,Strong Trend,Bear,Bear,,-1.52,Gap Down,25,Bear,302.21,329.84,
YESBANK,01-09-2026,22.51,22.52,21.94,22.1,22.83,-0.73,-3.2,63724057,50116652,1.27,22.63,Below,Below -1σ,-2.35,22.45,22.63,22.94,39.88,-0.22,-0.21,-0.0136,Bear,4.64,Below,0.43,13.19,No Trend,Bear,Bear,,-1.4,Gap Down,22,Bear,21.45,22.96,
ASTRAL,01-09-2026,1537.5,1538.0,1493.1,1507.0,1522.2,-15.2,-1.0,726318,1555875,0.47,1542.61,Below,Inside,-2.31,1522.42,1507.61,1482.15,52.17,20.54,24.17,-3.6344,,12.41,Inside,36.46,28.34,Strong Trend,Bull,Bull,,1.01,Gap Up,20,Bear,1452.31,1579.92,
AUBANK,01-09-2026,1083.8,1088.8,1067.6,1079.2,1086.2,-7.0,-0.64,1068642,1690777,0.63,1090.6,Below,Inside,-1.05,1090.03,1082.56,1057.2,50.94,11.85,15.08,-3.2328,,6.75,Inside,24.24,28.32,Strong Trend,Bull,Bull,,-0.22,No Gap,20,Bear,1042.84,1127.68,
CONCOR,01-09-2026,516.9,518.75,510.5,514.0,511.9,2.1,0.41,1247573,1575588,0.79,517.28,Below,Inside,-0.63,513.02,512.23,499.53,52.34,3.16,5.32,-2.1638,,6.51,Inside,13.05,21.04,Weak Trend,Bear,Bull,,0.98,Gap Up,20,Bear,494.43,540.1,
DIXON,01-09-2026,14780.0,14820.0,14450.0,14461.0,14850.0,-389.0,-2.62,229809,355083,0.65,14467.14,Below,Inside,-0.04,14623.15,14431.34,13816.89,53.32,266.79,290.65,-23.862,Bear,9.5,Inside,368.99,23.13,Weak Trend,Bull,Bull,,-0.47,No Gap,20,Bear,13907.51,15198.98,
JUBLFOOD,01-09-2026,487.0,492.5,481.3,484.4,496.0,-11.6,-2.34,685195,3455252,0.2,493.74,Below,Inside,-1.89,496.35,489.55,467.12,50.57,11.57,15.49,-3.9197,,8.57,Inside,14.99,47.45,Strong Trend,Bull,Bull,,-1.81,Gap Down,20,Bear,461.91,514.38,
PNB,01-09-2026,114.49,116.5,114.07,115.22,114.23,0.99,0.87,10967579,13142933,0.83,116.05,Below,Inside,-0.71,115.61,115.15,112.64,52.99,1.04,1.57,-0.536,,5.41,Inside,2.08,20.36,Weak Trend,Bull,Bull,,0.23,No Gap,20,Bear,112.09,119.39,
WIPRO,01-09-2026,181.0,182.1,178.5,181.7,184.5,-2.8,-1.52,6810762,7835620,0.87,182.31,Below,Inside,-0.33,181.02,181.17,180.37,51.31,0.02,0.18,-0.1589,,6.72,Inside,3.9,15.0,No Trend,Bull,Bull,,-1.9,Gap Down,20,Bear,175.85,189.5,
HYUNDAI,01-09-2026,2227.0,2260.0,2156.2,2179.8,2205.0,-25.2,-1.14,604623,649307,0.93,2223.39,Below,Below -1σ,-1.96,2217.64,2193.62,2111.35,51.27,38.72,48.8,-10.0816,,4.46,Inside,53.98,33.2,Strong Trend,Bear,Bull,,1.0,Gap Up,17,Strong Bear,2098.82,2287.77,
IDFCFIRSTB,01-09-2026,85.2,85.2,84.1,84.9,85.97,-1.07,-1.24,11578556,11764897,0.98,85.17,Below,Inside,-0.32,84.9,84.73,82.67,52.42,0.53,0.84,-0.3079,,4.05,Inside,1.62,33.14,Strong Trend,Bull,Bull,,-0.9,Gap Down,17,Strong Bear,82.47,88.14,
SONACOMS,01-09-2026,815.0,821.5,798.55,809.5,813.05,-3.55,-0.44,1041115,2017514,0.52,811.02,Below,Inside,-0.19,810.97,798.73,747.91,59.91,20.6,26.05,-5.4542,,4.85,Inside,20.64,59.75,Strong Trend,Bull,Bull,,0.24,No Gap,17,Strong Bear,778.54,850.78,
TITAN,01-09-2026,5104.0,5126.5,5010.5,5050.0,5102.4,-52.4,-1.03,466842,829070,0.56,5054.55,Below,Inside,-0.09,5094.21,5038.39,4821.15,56.49,88.88,108.43,-19.5545,,4.74,Inside,80.69,51.48,Strong Trend,Bull,Bull,,0.03,No Gap,17,Strong Bear,4928.96,5211.38,
DELHIVERY,01-09-2026,462.65,464.35,457.2,460.8,456.2,4.6,1.01,1174990,3059145,0.38,465.92,Below,Inside,-1.1,458.4,461.22,464.83,48.43,-4.31,-5.62,1.3146,,8.65,Inside,11.61,16.48,No Trend,Bull,Bear,,1.41,Gap Up,15,Strong Bear,443.38,484.02,
MFSL,01-09-2026,1558.8,1561.1,1525.0,1534.7,1573.1,-38.4,-2.44,302527,755149,0.4,1542.84,Below,Inside,-0.53,1563.39,1557.47,1562.25,45.45,5.21,4.2,1.0026,,8.28,Inside,36.81,16.86,No Trend,Bear,Bear,,-0.91,Gap Down,15,Strong Bear,1479.48,1608.33,
MUTHOOTFIN,01-09-2026,3000.0,3009.2,2890.0,2905.0,2978.1,-73.1,-2.45,750754,1046234,0.72,2993.85,Below,Inside,-2.97,3023.71,3006.45,2993.67,43.02,17.31,15.3,2.0054,,16.09,Inside,92.86,14.83,No Trend,Bear,Bear,,0.74,Gap Up,15,Strong Bear,2765.7,3090.73,
VEDL,01-09-2026,280.0,281.95,272.75,274.0,278.2,-4.2,-1.51,6762844,14042295,0.48,277.02,Below,Inside,-1.09,277.73,275.3,276.49,49.39,2.08,1.25,0.8301,,9.65,Inside,8.35,20.99,Weak Trend,Bull,Bear,,0.65,Gap Up,15,Strong Bear,261.48,290.7,
VMM,01-09-2026,112.0,113.0,106.3,106.55,110.64,-4.09,-3.7,13954960,16770910,0.83,110.09,Below,Below -1σ,-3.21,108.1,108.34,110.82,45.65,-0.74,-1.19,0.4496,,11.25,Inside,3.56,22.87,Weak Trend,Bull,Bear,,1.23,Gap Up,15,Strong Bear,101.21,113.67,
APOLLOHOSP,01-09-2026,8854.5,8867.5,8704.5,8755.0,8898.5,-143.5,-1.61,153239,416071,0.37,8791.94,Below,Inside,-0.42,8803.43,8807.68,8774.28,47.52,-3.6,-5.35,1.75,,4.82,Inside,153.61,19.84,No Trend,Bear,Bear,,-0.49,No Gap,12,Strong Bear,8524.59,9062.21,
DRREDDY,01-09-2026,1166.5,1179.9,1166.5,1171.0,1154.4,16.6,1.44,556175,1640508,0.34,1182.89,Below,Inside,-1.0,1175.38,1181.73,1207.42,44.31,-9.64,-10.58,0.939,,4.77,Inside,22.13,24.78,Weak Trend,Bear,Bear,,1.05,Gap Up,12,Strong Bear,1137.8,1215.27,
MANKIND,01-09-2026,2381.4,2381.4,2350.0,2356.5,2419.2,-62.7,-2.59,282934,341061,0.83,2401.02,Below,Below -1σ,-1.85,2390.56,2411.59,2437.75,40.3,-25.97,-27.11,1.1393,,4.47,Inside,53.25,17.3,No Trend,Bear,Bear,,-1.56,Gap Down,12,Strong Bear,2276.62,2463.01,
SRF,01-09-2026,2563.0,2600.0,2558.2,2592.0,2560.4,31.6,1.23,104998,271572,0.39,2598.12,Below,Inside,-0.24,2586.45,2605.11,2653.98,45.12,-27.17,-31.76,4.5917,,3.36,Inside,46.2,25.07,Strong Trend,Bear,Bear,,0.1,No Gap,12,Strong Bear,2522.69,2684.41,
ABCAPITAL,01-09-2026,404.5,404.85,390.3,394.45,409.4,-14.95,-3.65,2578342,3049389,0.85,407.27,Below,Below -1σ,-3.15,405.65,405.99,397.86,42.34,1.04,2.49,-1.4584,,7.08,Inside,9.93,13.77,No Trend,Bear,Bear,,-1.2,Gap Down,10,Strong Bear,379.55,414.32,
ANGELONE,01-09-2026,286.9,288.25,280.5,281.55,286.9,-5.35,-1.86,2908488,5107714,0.57,291.95,Below,Below -1σ,-3.56,290.39,294.33,306.51,34.87,-5.78,-6.53,0.7525,,6.56,Below,9.02,29.86,Strong Trend,Bear,Bear,,0.0,No Gap,10,Strong Bear,268.03,299.58,
BAJAJFINSV,01-09-2026,1998.7,2004.1,1960.1,1972.0,2021.0,-49.0,-2.42,788337,932811,0.85,2030.28,Below,Below -1σ,-2.87,2004.25,1999.61,1936.84,46.71,16.19,26.68,-10.4855,,5.06,Inside,38.18,25.15,Strong Trend,Bear,Bull,,-1.1,Gap Down,10,Strong Bear,1914.73,2048.36,
BAJFINANCE,01-09-2026,1065.0,1067.0,1047.0,1053.9,1057.0,-3.1,-0.29,4813094,5251140,0.92,1092.88,Below,Below -1σ,-3.57,1074.93,1079.62,1051.03,42.52,1.59,9.15,-7.5614,,8.57,Inside,22.59,18.59,No Trend,Bear,Bull,,0.76,Gap Up,10,Strong Bear,1020.01,1099.09,
BHARATFORG,01-09-2026,2076.0,2076.1,2040.0,2052.2,2104.9,-52.7,-2.5,976076,1290274,0.76,2098.01,Below,Inside,-2.18,2061.56,2082.28,2091.09,45.15,-22.65,-21.33,-1.3135,,11.95,Inside,54.64,24.58,Weak Trend,Bear,Bear,,-1.37,Gap Down,10,Strong Bear,1970.24,2161.48,
BLUESTARCO,01-09-2026,1471.0,1499.0,1457.0,1490.9,1463.8,27.1,1.85,259652,602671,0.43,1531.21,Below,Inside,-2.63,1493.25,1522.66,1569.24,39.88,-36.35,-37.22,0.8705,Bull,10.78,Inside,38.28,22.46,Weak Trend,Bear,Bear,,0.49,No Gap,10,Strong Bear,1433.48,1567.46,
BSE,01-09-2026,3300.0,3305.0,3220.5,3242.0,3282.0,-40.0,-1.22,3135325,4741834,0.66,3396.59,Below,Below -1σ,-4.55,3319.41,3387.54,3546.08,36.54,-87.67,-90.15,2.4818,,13.18,Inside,103.17,22.54,Weak Trend,Bear,Bear,,0.55,Gap Up,10,Strong Bear,3087.24,3448.35,
CAMS,01-09-2026,782.95,783.0,750.25,752.0,782.0,-30.0,-3.84,1008475,1313148,0.77,769.27,Below,Inside,-2.25,758.97,764.64,769.55,44.41,-6.53,-6.46,-0.0701,Bear,10.05,Inside,19.32,17.77,No Trend,Bull,Bear,,0.12,No Gap,10,Strong Bear,723.03,790.63,
CANBK,01-09-2026,126.88,127.07,125.16,125.6,126.9,-1.3,-1.02,9830664,14198351,0.69,129.62,Below,Below -1σ,-3.1,127.94,128.45,128.85,40.37,-0.28,0.19,-0.4669,,5.36,Below,2.57,11.18,No Trend,Bear,Bear,,-0.02,No Gap,10,Strong Bear,121.75,130.74,
COCHINSHIP,01-09-2026,1509.9,1513.4,1465.5,1475.9,1510.0,-34.1,-2.26,404423,1072690,0.38,1497.44,Below,Inside,-1.44,1507.75,1493.31,1465.84,48.06,18.73,20.46,-1.7249,Bear,7.42,Inside,35.69,14.02,No Trend,Bear,Bull,,-0.01,No Gap,10,Strong Bear,1422.36,1547.29,
FEDERALBNK,01-09-2026,350.0,351.75,348.0,349.25,356.7,-7.45,-2.09,3391183,4631632,0.73,352.72,Below,Inside,-0.98,350.93,351.83,345.24,48.54,0.45,1.95,-1.5025,,5.55,Inside,7.4,31.05,Strong Trend,Bull,Bull,,-1.88,Gap Down,10,Strong Bear,338.15,364.05,
GODFRYPHLP,01-09-2026,2104.8,2118.7,2072.0,2078.3,2104.8,-26.5,-1.26,137418,224556,0.61,2185.75,Below,Below -1σ,-4.92,2114.94,2136.09,2160.05,41.04,-20.26,-13.56,-6.703,,13.88,Inside,54.86,11.3,No Trend,Bear,Bear,,0.0,No Gap,10,Strong Bear,1996.0,2188.03,
GODREJPROP,01-09-2026,2023.2,2023.2,1965.0,1978.0,2014.7,-36.7,-1.82,329230,556611,0.59,2046.94,Below,Below -1σ,-3.37,2023.25,2033.84,1994.0,42.79,-4.93,2.1,-7.0274,,6.67,Inside,56.41,14.42,No Trend,Bear,Bear,,0.42,No Gap,10,Strong Bear,1893.39,2090.82,
HAL,01-09-2026,4801.6,4819.6,4771.6,4807.6,4801.6,6.0,0.12,492807,1117156,0.44,4932.71,Below,Below -1σ,-2.54,4875.2,4860.81,4706.78,48.37,51.08,89.33,-38.2458,,8.15,Inside,97.51,26.53,Strong Trend,Bear,Bull,,0.0,No Gap,10,Strong Bear,4661.33,5002.63,
HINDALCO,01-09-2026,1023.0,1033.9,1010.0,1014.4,1015.45,-1.05,-0.1,2764904,4405885,0.63,1043.33,Below,Below -1σ,-2.77,1031.04,1028.03,1014.47,47.43,8.02,13.62,-5.5919,,5.95,Inside,24.45,21.63,Weak Trend,Bear,Bear,,0.74,Gap Up,10,Strong Bear,977.73,1063.3,
IREDA,01-09-2026,115.68,115.85,114.15,114.2,116.5,-2.3,-1.97,3725885,4622653,0.81,117.95,Below,Below -1σ,-3.18,116.54,117.49,119.51,37.95,-1.25,-1.31,0.0668,,7.47,Inside,2.42,15.13,No Trend,Bear,Bear,,-0.7,Gap Down,10,Strong Bear,110.57,119.04,
KAYNES,01-09-2026,3678.3,3691.8,3582.0,3600.5,3685.0,-84.5,-2.29,1132934,1347399,0.84,3811.06,Below,Below -1σ,-5.53,3806.78,3767.3,3587.12,44.21,76.5,109.12,-32.6151,,12.78,Inside,146.03,22.89,Weak Trend,Bear,Bull,,-0.18,No Gap,10,Strong Bear,3381.46,3892.55,
KFINTECH,01-09-2026,961.1,961.1,931.0,937.5,970.0,-32.5,-3.35,575479,970499,0.59,957.2,Below,Below -1σ,-2.06,956.62,949.69,921.86,48.54,11.6,14.95,-3.3492,,7.39,Inside,29.11,27.03,Strong Trend,Bull,Bull,,-0.92,Gap Down,10,Strong Bear,893.83,995.72,
KPITTECH,01-09-2026,585.2,594.3,581.0,590.0,585.0,5.0,0.85,1026441,1637366,0.63,608.32,Below,Below -1σ,-3.01,593.6,597.99,617.02,45.69,-5.51,-4.93,-0.5828,,10.62,Inside,17.89,17.39,No Trend,Bear,Bear,,0.03,No Gap,10,Strong Bear,563.17,625.78,
MANAPPURAM,01-09-2026,342.05,344.45,335.6,337.0,340.1,-3.1,-0.91,1860296,6755377,0.28,356.79,Below,Below -1σ,-5.55,349.04,351.48,343.07,40.34,-0.35,2.48,-2.8279,,11.21,Inside,10.71,16.63,No Trend,Bear,Bear,,0.57,Gap Up,10,Strong Bear,320.93,358.43,
MAZDOCK,01-09-2026,2481.0,2502.2,2453.3,2485.0,2480.0,5.0,0.2,471989,976339,0.48,2546.46,Below,Below -1σ,-2.41,2540.01,2526.07,2479.16,46.33,26.36,39.12,-12.7547,,8.2,Inside,61.61,28.54,Strong Trend,Bear,Bull,,0.04,No Gap,10,Strong Bear,2392.59,2608.22,
NAM-INDIA,01-09-2026,1190.0,1209.6,1166.0,1178.9,1172.3,6.6,0.56,1257707,1304617,0.96,1204.04,Below,Inside,-2.09,1198.48,1196.27,1175.68,46.89,6.59,11.44,-4.8491,,8.71,Inside,34.27,15.98,No Trend,Bear,Bull,,1.51,Gap Up,10,Strong Bear,1127.5,1247.44,
NATIONALUM,01-09-2026,383.0,383.75,368.6,372.0,381.5,-9.5,-2.49,6151988,7893704,0.78,392.94,Below,Below -1σ,-5.33,387.07,384.2,374.73,45.51,5.66,8.5,-2.8366,,11.03,Inside,12.39,23.37,Weak Trend,Bear,Bear,,0.39,No Gap,10,Strong Bear,353.42,396.78,
PAGEIND,01-09-2026,35620.0,35800.0,35385.0,35675.0,35800.0,-125.0,-0.35,15534,34053,0.46,36848.09,Below,Inside,-3.18,35891.21,36783.15,38100.2,34.98,-1085.5,-1101.27,15.7713,Bull,18.31,Inside,826.17,37.48,Strong Trend,Bear,Bear,,-0.5,Gap Down,10,Strong Bear,34435.74,37327.34,
POWERGRID,01-09-2026,263.3,264.55,261.7,264.55,263.55,1.0,0.38,8490266,8573585,0.99,268.87,Below,Below -1σ,-1.61,266.35,269.6,276.01,38.1,-4.11,-4.21,0.1088,,6.21,Inside,4.58,16.93,No Trend,Bear,Bear,,-0.09,No Gap,10,Strong Bear,257.68,273.71,
POWERINDIA,01-09-2026,33450.0,33450.0,32400.0,32640.0,33760.0,-1120.0,-3.32,100862,121971,0.83,34560.12,Below,Below -1σ,-5.56,33533.77,33619.37,33462.22,44.38,39.38,231.96,-192.5816,,14.33,Inside,1104.54,15.45,No Trend,Bull,Bear,,-0.92,Gap Down,10,Strong Bear,30983.19,34849.08,
PREMIERENE,01-09-2026,1023.1,1028.8,1011.1,1012.9,1036.3,-23.4,-2.26,506606,1071059,0.47,1028.15,Below,Inside,-1.48,1020.99,1026.2,1037.72,45.96,-6.58,-6.58,-0.0004,Bear,6.38,Inside,31.86,20.89,Weak Trend,Bear,Bear,,-1.27,Gap Down,10,Strong Bear,965.11,1076.61,
SBIN,01-09-2026,1051.3,1051.3,1027.1,1034.5,1060.0,-25.5,-2.41,7604124,9545008,0.8,1067.11,Below,Below -1σ,-3.06,1048.28,1049.95,1042.48,44.38,0.47,3.25,-2.7751,,6.23,Inside,18.66,14.88,No Trend,Bull,Bear,,-0.82,Gap Down,10,Strong Bear,1006.51,1071.83,
SUZLON,01-09-2026,47.5,47.5,46.25,46.5,47.52,-1.02,-2.15,39970870,40782714,0.98,47.47,Below,Below -1σ,-2.05,47.01,47.67,49.87,37.32,-1.03,-1.22,0.1981,,5.26,Inside,1.12,24.41,Weak Trend,Bear,Bear,,-0.04,No Gap,10,Strong Bear,44.82,48.74,
SWIGGY,01-09-2026,279.85,281.3,275.0,275.0,281.9,-6.9,-2.45,5370376,13392248,0.4,283.34,Below,Below -1σ,-2.94,280.82,279.82,272.22,46.74,2.32,3.39,-1.0687,,6.64,Inside,8.51,19.03,No Trend,Bull,Bull,,-0.73,Gap Down,10,Strong Bear,262.23,292.03,
TATAELXSI,01-09-2026,3583.1,3671.9,3567.1,3638.0,3578.6,59.4,1.66,169396,184842,0.92,3716.81,Below,Below -1σ,-2.12,3653.09,3673.45,3731.67,46.01,-20.32,-11.81,-8.5149,,6.7,Inside,88.49,12.92,No Trend,Bear,Bear,,0.13,No Gap,10,Strong Bear,3505.26,3814.98,
TIINDIA,01-09-2026,2794.9,2794.9,2743.5,2763.2,2780.0,-16.8,-0.6,96393,458991,0.21,2858.6,Below,Below -1σ,-3.34,2829.95,2839.47,2887.26,41.3,-12.53,-9.42,-3.1065,Bear,9.78,Inside,79.98,15.57,No Trend,Bear,Bear,,0.54,Gap Up,10,Strong Bear,2643.23,2923.16,
UNITDSPR,01-09-2026,1490.1,1498.9,1459.0,1470.0,1490.0,-20.0,-1.34,392264,546718,0.72,1524.28,Below,Below -1σ,-3.56,1512.53,1512.66,1463.36,41.06,11.3,23.96,-12.6545,,5.53,Below,30.07,37.46,Strong Trend,Bear,Bull,,0.01,No Gap,10,Strong Bear,1424.89,1530.14,
BANKINDIA,01-09-2026,142.29,143.65,141.4,142.35,141.59,0.76,0.54,3402188,5948348,0.57,143.19,Below,Inside,-0.59,143.14,142.96,142.95,48.59,0.24,0.31,-0.0639,Bear,4.04,Inside,2.99,8.37,No Trend,Bear,Bear,,0.49,No Gap,7,Strong Bear,137.87,148.33,
COALINDIA,01-09-2026,401.75,407.2,399.4,401.6,401.75,-0.15,-0.04,6125327,7816003,0.78,405.75,Below,Inside,-1.02,403.06,407.2,418.22,35.02,-5.54,-5.91,0.3624,,5.0,Inside,6.32,26.22,Strong Trend,Bear,Bear,,0.0,No Gap,7,Strong Bear,392.12,414.24,
GAIL,01-09-2026,173.41,174.39,172.07,172.69,177.5,-4.81,-2.71,8004338,8217715,0.97,174.11,Below,Inside,-0.82,173.77,173.89,173.35,47.97,-0.06,0.01,-0.0663,Bear,4.53,Inside,3.68,13.46,No Trend,Bull,Bear,,-2.3,Gap Down,7,Strong Bear,167.16,180.06,
INDHOTEL,01-09-2026,728.15,728.2,710.85,718.0,737.9,-19.9,-2.7,1128846,1568875,0.72,725.6,Below,Inside,-1.05,723.34,725.65,721.39,46.27,-1.79,-0.93,-0.8584,,4.48,Inside,15.32,17.93,No Trend,Bull,Bear,,-1.32,Gap Down,7,Strong Bear,695.02,748.64,
LT,01-09-2026,4038.0,4038.0,3980.1,3980.1,4044.9,-64.8,-1.6,944212,1335407,0.71,4053.13,Below,Below -1σ,-1.8,4040.3,4033.73,4005.66,44.23,15.89,26.81,-10.9276,,2.95,Below,56.64,17.32,No Trend,Bear,Bear,,-0.17,No Gap,7,Strong Bear,3895.13,4093.39,
ONGC,01-09-2026,233.8,236.6,232.5,236.45,231.8,4.65,2.01,11982265,12563236,0.95,237.64,Below,Inside,-0.5,234.62,236.71,240.44,46.65,-2.44,-2.28,-0.1617,,4.78,Inside,3.78,19.12,No Trend,Bear,Bear,,0.86,Gap Up,7,Strong Bear,230.78,244.01,
PATANJALI,01-09-2026,345.0,347.95,342.5,345.8,345.0,0.8,0.23,2397860,2950273,0.81,351.88,Below,Below -1σ,-1.73,348.29,351.71,366.49,35.98,-5.28,-6.0,0.7176,,3.84,Inside,7.62,31.53,Strong Trend,Bear,Bear,,0.0,No Gap,7,Strong Bear,334.36,361.05,
ALKEM,01-09-2026,5329.5,5358.0,5277.0,5300.0,5329.5,-29.5,-0.55,88288,132587,0.67,5408.38,Below,Inside,-2.0,5351.39,5417.69,5466.87,37.44,-69.38,-58.27,-11.1084,,8.38,Inside,105.91,30.67,Strong Trend,Bear,Bear,,0.0,No Gap,5,Strong Bear,5141.14,5511.81,
AMBUJACEM,01-09-2026,404.0,407.15,401.0,402.2,401.15,1.05,0.26,1375878,2729030,0.5,420.7,Below,Below -1σ,-4.4,409.69,415.62,420.63,37.3,-6.09,-4.82,-1.2701,,10.66,Inside,8.86,15.7,No Trend,Bear,Bear,,0.71,Gap Up,5,Strong Bear,388.91,419.93,
BANDHANBNK,01-09-2026,163.6,164.65,161.65,162.9,163.5,-0.6,-0.37,5214415,7021115,0.74,173.18,Below,Below -1σ,-5.93,168.75,172.53,181.66,30.64,-4.8,-4.68,-0.1175,Bear,8.64,Below,4.75,24.38,Weak Trend,Bear,Bear,,0.06,No Gap,5,Strong Bear,155.77,172.41,
BDL,01-09-2026,1272.0,1273.8,1245.2,1250.0,1275.0,-25.0,-1.96,1098942,2023568,0.54,1349.24,Below,Below -1σ,-7.36,1314.12,1320.73,1303.76,37.81,0.97,12.88,-11.906,,13.37,Inside,39.98,17.0,No Trend,Bear,Bear,,-0.24,No Gap,5,Strong Bear,1190.03,1329.97,
BIOCON,01-09-2026,407.15,407.95,400.35,401.05,412.0,-10.95,-2.66,2119594,3239336,0.65,420.71,Below,Below -1σ,-4.67,412.16,416.49,419.62,35.18,-4.24,-3.05,-1.1895,,7.52,Below,8.75,10.82,No Trend,Bear,Bear,,-1.18,Gap Down,5,Strong Bear,387.92,418.55,
BRITANNIA,01-09-2026,5230.0,5256.0,5145.5,5187.0,5250.0,-63.0,-1.2,235454,344025,0.68,5465.31,Below,Below -1σ,-5.09,5317.82,5384.47,5379.19,35.74,-48.82,-11.34,-37.4826,,9.77,Inside,103.32,20.82,Weak Trend,Bear,Bear,,-0.38,No Gap,5,Strong Bear,5032.02,5393.64,
CROMPTON,01-09-2026,235.77,235.77,230.2,231.1,235.9,-4.8,-2.03,3044648,4809124,0.63,247.64,Below,Below -1σ,-6.68,238.9,244.77,251.93,31.81,-6.12,-4.76,-1.3695,,15.0,Inside,7.21,21.45,Weak Trend,Bear,Bear,,-0.06,No Gap,5,Strong Bear,220.28,245.53,
CUMMINSIND,01-09-2026,5093.5,5115.0,5054.5,5105.0,5105.0,0.0,0.0,430858,533645,0.81,5279.39,Below,Below -1σ,-3.3,5184.51,5270.24,5402.06,34.52,-96.24,-84.83,-11.416,,9.07,Inside,113.09,32.36,Strong Trend,Bear,Bear,,-0.23,No Gap,5,Strong Bear,4935.37,5331.17,
DABUR,01-09-2026,384.0,386.8,381.0,384.0,381.0,3.0,0.79,1394510,1587585,0.88,400.3,Below,Below -1σ,-4.07,390.56,399.66,412.32,26.24,-9.96,-8.45,-1.5122,,10.38,Inside,6.4,48.79,Strong Trend,Bear,Bear,,0.79,Gap Up,5,Strong Bear,374.4,396.8,
DMART,01-09-2026,3850.0,3850.9,3766.1,3824.0,3900.0,-76.0,-1.95,382578,454580,0.84,3922.03,Below,Below -1σ,-2.5,3882.89,3925.22,3984.14,39.01,-43.66,-32.25,-11.4108,,7.99,Inside,94.21,17.27,No Trend,Bear,Bear,,-1.28,Gap Down,5,Strong Bear,3682.69,4012.42,
GODREJCP,01-09-2026,901.3,905.65,891.1,905.0,901.3,3.7,0.41,691121,2648079,0.26,941.92,Below,Inside,-3.92,922.04,952.3,994.62,29.02,-34.96,-32.95,-2.005,,23.58,Inside,21.33,40.23,Strong Trend,Bear,Bear,,0.0,No Gap,5,Strong Bear,873.0,947.66,
HINDPETRO,01-09-2026,361.0,364.55,358.1,363.1,365.75,-2.65,-0.72,1724934,5417186,0.32,380.14,Below,Below -1σ,-4.48,368.64,374.73,381.83,36.27,-6.78,-6.07,-0.7072,,13.01,Inside,8.15,16.87,No Trend,Bear,Bear,,-1.3,Gap Down,5,Strong Bear,350.88,379.4,
HINDUNILVR,01-09-2026,1987.0,2003.0,1980.0,1994.8,1967.4,27.4,1.39,922620,1102904,0.84,2043.45,Below,Below -1σ,-2.38,2010.57,2038.82,2085.54,38.04,-32.31,-29.08,-3.2381,,6.96,Inside,32.18,33.83,Strong Trend,Bear,Bear,,1.0,Gap Up,5,Strong Bear,1946.54,2059.15,
ICICIGI,01-09-2026,1565.0,1573.4,1542.3,1566.9,1566.9,0.0,0.0,446477,1074068,0.42,1625.93,Below,Below -1σ,-3.63,1589.64,1613.92,1658.74,32.65,-28.02,-24.78,-3.2466,,7.48,Inside,33.89,14.05,No Trend,Bear,Bear,,-0.12,No Gap,5,Strong Bear,1516.06,1634.69,
INOXWIND,01-09-2026,70.37,70.37,69.1,69.5,70.37,-0.87,-1.24,8166430,12569007,0.65,74.53,Below,Below -1σ,-6.75,72.09,73.92,77.38,29.69,-2.13,-1.9,-0.2309,,13.13,Inside,2.05,23.89,Weak Trend,Bear,Bear,,0.0,No Gap,5,Strong Bear,66.43,73.6,
JIOFIN,01-09-2026,240.0,240.01,235.01,235.85,241.35,-5.5,-2.28,10376022,12805863,0.81,250.79,Below,Below -1σ,-5.96,241.04,244.05,243.24,38.2,-2.16,-0.49,-1.6742,,12.66,Inside,5.04,15.8,No Trend,Bear,Bear,,-0.56,Gap Down,5,Strong Bear,228.3,245.92,
NBCC,01-09-2026,86.0,86.4,85.0,85.2,86.2,-1.0,-1.16,4383580,5847827,0.75,90.68,Below,Below -1σ,-6.04,87.77,89.88,94.17,26.66,-2.55,-2.43,-0.1218,,14.48,Inside,1.89,30.71,Strong Trend,Bear,Bear,,-0.23,No Gap,5,Strong Bear,82.37,88.97,
NTPC,01-09-2026,327.4,328.25,325.05,327.5,327.4,0.1,0.03,7368972,9021415,0.82,337.8,Below,Below -1σ,-3.05,332.68,336.89,342.79,31.36,-4.45,-3.48,-0.9702,,6.61,Inside,5.85,14.62,No Trend,Bear,Bear,,0.0,No Gap,5,Strong Bear,318.73,339.2,
PFC,01-09-2026,343.3,347.75,343.2,345.8,336.3,9.5,2.82,8352427,9124608,0.92,373.85,Below,Below -1σ,-7.5,356.32,371.32,392.98,26.15,-16.48,-14.12,-2.3568,,23.52,Inside,8.48,39.91,Strong Trend,Bear,Bear,,2.08,Gap Up,5,Strong Bear,333.08,362.76,
PGEL,01-09-2026,575.0,578.5,566.0,569.9,581.0,-11.1,-1.91,728800,1957292,0.37,611.45,Below,Below -1σ,-6.8,588.24,594.64,580.91,37.74,-2.92,2.22,-5.1398,,9.45,Below,16.89,21.48,Weak Trend,Bear,Bear,,-1.03,Gap Down,5,Strong Bear,544.57,603.67,
PIIND,01-09-2026,2391.8,2402.1,2370.7,2397.1,2370.0,27.1,1.14,139789,308896,0.45,2537.16,Below,Below -1σ,-5.52,2452.92,2520.99,2612.0,31.63,-72.57,-59.82,-12.7493,,21.3,Inside,56.95,33.34,Strong Trend,Bear,Bear,,0.92,Gap Up,5,Strong Bear,2311.67,2511.0,
RVNL,01-09-2026,210.21,212.23,208.0,208.38,210.0,-1.62,-0.77,3499129,4008788,0.87,225.0,Below,Below -1σ,-7.39,216.49,221.27,225.74,29.0,-4.42,-2.6,-1.8269,,12.99,Below,5.18,17.53,No Trend,Bear,Bear,,0.1,No Gap,5,Strong Bear,200.61,218.73,
SBILIFE,01-09-2026,1740.5,1753.4,1728.6,1739.3,1740.5,-1.2,-0.07,624029,823412,0.76,1796.18,Below,Below -1σ,-3.17,1763.53,1787.91,1799.42,32.47,-23.37,-16.78,-6.5967,,9.16,Inside,31.92,31.94,Strong Trend,Bear,Bear,,0.0,No Gap,5,Strong Bear,1691.42,1803.13,
SHREECEM,01-09-2026,23605.0,23800.0,23310.0,23490.0,23200.0,290.0,1.25,15342,27446,0.56,24791.2,Below,Below -1σ,-5.25,24093.31,24699.8,25186.4,33.45,-624.76,-499.75,-125.0024,,15.04,Inside,575.52,30.04,Strong Trend,Bear,Bear,,1.75,Gap Up,5,Strong Bear,22626.72,24641.04,
TATACONSUM,01-09-2026,1037.5,1041.8,1025.1,1030.5,1037.5,-7.0,-0.67,1005796,1243002,0.81,1067.63,Below,Below -1σ,-3.48,1046.91,1060.95,1079.38,36.19,-14.79,-11.77,-3.0267,,7.81,Inside,19.72,27.88,Strong Trend,Bear,Bear,,0.0,No Gap,5,Strong Bear,1000.92,1069.94,
TATAPOWER,01-09-2026,347.55,351.95,347.45,350.55,347.0,3.55,1.02,3607249,4842115,0.74,369.43,Below,Below -1σ,-5.11,359.77,367.96,376.35,25.41,-7.54,-4.34,-3.2001,,12.85,Inside,6.51,24.13,Weak Trend,Bear,Bear,,0.16,No Gap,5,Strong Bear,340.79,363.57,
TMPV,01-09-2026,317.2,317.3,308.95,310.0,308.85,1.15,0.37,8947326,9642289,0.93,329.15,Below,Below -1σ,-5.82,316.27,323.65,336.28,32.68,-7.97,-6.5,-1.4711,,17.96,Inside,7.51,31.17,Strong Trend,Bear,Bear,,2.7,Gap Up,5,Strong Bear,298.73,325.03,
TRENT,01-09-2026,2880.0,2911.9,2855.0,2855.0,2879.9,-24.9,-0.86,652211,969582,0.67,3007.92,Below,Below -1σ,-5.08,2901.96,2934.56,2949.61,36.73,-30.35,-19.27,-11.0708,,9.35,Inside,57.47,16.14,No Trend,Bear,Bear,,0.0,No Gap,5,Strong Bear,2768.79,2969.95,
ULTRACEMCO,01-09-2026,11450.0,11550.0,11390.0,11400.0,11450.0,-50.0,-0.44,168128,229589,0.73,11691.76,Below,Below -1σ,-2.5,11557.67,11642.55,11610.03,39.49,-71.64,-40.46,-31.1824,,7.92,Inside,188.51,14.19,No Trend,Bear,Bear,,0.0,No Gap,5,Strong Bear,11117.24,11777.02,
VBL,01-09-2026,404.45,411.35,404.25,405.85,400.45,5.4,1.35,4749110,5676499,0.84,428.49,Below,Below -1σ,-5.28,418.29,429.64,453.92,32.59,-13.18,-11.57,-1.6183,,11.48,Below,11.53,36.97,Strong Trend,Bear,Bear,,1.0,Gap Up,5,Strong Bear,388.56,428.9,
VOLTAS,01-09-2026,1196.0,1206.9,1192.0,1205.0,1194.4,10.6,0.89,288949,1009882,0.29,1262.97,Below,Below -1σ,-4.59,1220.11,1245.99,1275.58,35.51,-27.38,-22.43,-4.9518,,11.48,Inside,30.14,15.79,No Trend,Bear,Bear,,0.13,No Gap,5,Strong Bear,1159.79,1265.27,
WAAREEENER,01-09-2026,2599.9,2609.9,2570.0,2588.0,2605.0,-17.0,-0.65,305081,448751,0.68,2668.48,Below,Below -1σ,-3.02,2634.61,2666.49,2750.27,32.43,-39.63,-37.31,-2.3203,,5.2,Below,53.82,35.46,Strong Trend,Bear,Bear,,-0.2,No Gap,5,Strong Bear,2507.27,2695.64,
